"","run","Id","coverage","LAURING_ID","dup"
"1","cali09","1112",17796.126555862,"1112",NA
"2","cali09","1120",14165.7260937616,"1120",NA
"3","cali09","1132",20704.3069240516,"1132",NA
"4","cali09","1136",11082.6229410449,"1136",NA
"5","cali09","1137",12298.3623015577,"1137",NA
"6","cali09","1142",10574.7346649773,"1142",NA
"7","cali09","1143",8475.06335246329,"1143",NA
"8","cali09","1144",9664.3154952672,"1144",NA
"9","cali09","1156",8933.80867556086,"1156",NA
"10","cali09","1157",8403.51397480808,"1157",NA
"11","cali09","1158",17558.2309756279,"1158",NA
"12","cali09","1311",22466.1707535217,"1311",NA
"13","cali09","1336",1047.70045464709,"1336",NA
"14","cali09","1339",17492.1978087501,"1339",NA
"15","cali09","1346",13089.4557650742,"1346",NA
"16","cali09","1347",13690.3116941194,"1347",NA
"17","cali09","1348",13448.8957292987,"1348",NA
"18","cali09","1349",16567.9669821868,"1349",NA
"19","cali09","1350",16007.1413132593,"1350",NA
"20","cali09","1351",11924.3669970932,"1351",NA
"21","cali09","1353",22387.8859655661,"1353",NA
"22","cali09","1356",9390.16419467839,"1356",NA
"23","cali09","1357",27779.9668331222,"1357",NA
"24","cali09","1360",20551.7433852575,"1360",NA
"25","cali09","1361",2190.42274726094,"1361",NA
"26","cali09","1362",11986.1688156816,"1362",NA
"27","cali09","1363",20934.0114779757,"1363",NA
"28","cali09","1364",3535.10427070135,"1364",NA
"29","cali09","1366",17357.1611388537,"1366",NA
"30","cali09","1367",15380.3409107848,"1367",NA
"31","cali09","1368",1747.34314675412,"1368",NA
"32","cali09","1369",4370.71633002907,"1369",NA
"33","cali09","1370",25905.5102481926,"1370",NA
"34","cali09","1371",24670.1033763136,"1371",NA
"35","cali09","1372",6180.30640232541,"1372",NA
"36","cali09","1374",20425.8584631438,"1374",NA
"37","cali09","1376",30650.1255124096,"1376",NA
"38","cali09","1401",29609.6329283744,"1401",NA
"39","cali09","1402",11608.8491466051,"1402",NA
"40","cali09","1403",28632.8056197362,"1403",NA
"41","cali09","1404",14861.1015130059,"1404",NA
"42","cali09","1405",27920.600581352,"1405",NA
"43","cali09","1406",24173.0304837147,"1406",NA
"44","cali09","1407",9734.20160989789,"1407",NA
"45","cali09","1408",22106.8311097861,"1408",NA
"46","cali09","1409",7815.05217261683,"1409",NA
"47","cali09","1410",28818.7697696952,"1410",NA
"48","cali09","1411",27548.9613922635,"1411",NA
"49","cali09","1413",28128.487739435,"1413",NA
"50","cali09","1414",24927.4897518074,"1414",NA
"51","cali09","1415",27812.137884773,"1415",NA
"52","cali09","Cali_mp",33817.9119773422,"Cali","mp"
"53","cali09","Cali_pool",34614.0992025043,"Cali","pool"
"54","cali09_2","1112",16560.3519415667,"1112",NA
"55","cali09_2","1137",15518.7611239472,"1137",NA
"56","cali09_2","1142",13154.7246776478,"1142",NA
"57","cali09_2","1143",12544.6040843706,"1143",NA
"58","cali09_2","1144",12368.8827606768,"1144",NA
"59","cali09_2","1346",15904.2130133413,"1346",NA
"60","cali09_2","1347",8858.94179026608,"1347",NA
"61","cali09_2","1348",17541.0910039502,"1348",NA
"62","cali09_2","1350",25942.514198405,"1350",NA
"63","cali09_2","1351",16140.6796601327,"1351",NA
"64","cali09_2","1353",15176.3279421629,"1353",NA
"65","cali09_2","1357",15804.180219125,"1357",NA
"66","cali09_2","1362",11016.0397257211,"1362",NA
"67","cali09_2","1363",15305.5708429604,"1363",NA
"68","cali09_2","1364",20340.0164716405,"1364",NA
"69","cali09_2","1371",15189.489900872,"1371",NA
"70","cali09_2","1374",20698.702839681,"1374",NA
"71","cali09_2","1401",16783.8255198629,"1401",NA
"72","cali09_2","1402",9750.70023105016,"1402",NA
"73","cali09_2","1403",17582.6158604755,"1403",NA
"74","cali09_2","1405",16961.2000447194,"1405",NA
"75","cali09_2","1406",21433.5768055452,"1406",NA
"76","cali09_2","1408",19853.2326898711,"1408",NA
"77","cali09_2","1410",21851.4054557651,"1410",NA
"78","cali09_2","1411",15240.9119028099,"1411",NA
"79","cali09_2","1413",17264.9771931132,"1413",NA
"80","cali09_2","1414",10921.400387568,"1414",NA
"81","cali09_2","1415",13578.1404188716,"1415",NA
"82","cali09_2","Cali_pool",23058.4104494298,"Cali","pool"
"83","HK_1","HS1294_B",22182.0537309027,"HS1294","B"
"84","HK_1","HS1341_B",17618.767362905,"HS1341","B"
"85","HK_1","HS1345_B",17046.3110930696,"HS1345","B"
"86","HK_1","HS1357_B",22746.6631485718,"HS1357","B"
"87","HK_1","HS1364_B",15975.8963761163,"HS1364","B"
"88","HK_1","HS1375_B",14087.0642851871,"HS1375","B"
"89","HK_1","HS1377_B",9210.92324156764,"HS1377","B"
"90","HK_1","HS1381_B",21531.0866484611,"HS1381","B"
"91","HK_1","HS1402_B",18671.7642630452,"HS1402","B"
"92","HK_1","HS1409_B",20903.4263045243,"HS1409","B"
"93","HK_1","HS1416_B",20022.697911285,"HS1416","B"
"94","HK_1","HS1417_B",13704.418997712,"HS1417","B"
"95","HK_1","HS1421_B",16702.1447339287,"HS1421","B"
"96","HK_1","HS1425_B",11715.7437449258,"HS1425","B"
"97","HK_1","HS1427_B",22787.0813344158,"HS1427","B"
"98","HK_1","HS1448_B",18321.8610967599,"HS1448","B"
"99","HK_1","HS1455_B",22784.3759687062,"HS1455","B"
"100","HK_1","HS1457_B",23131.9664181858,"HS1457","B"
"101","HK_1","HS1461_B",20345.4503653406,"HS1461","B"
"102","HK_1","HS1465_B",22492.8266292715,"HS1465","B"
"103","HK_1","HS1484_B",11399.8631633331,"HS1484","B"
"104","HK_1","HS1487_B",22592.8994759761,"HS1487","B"
"105","HK_1","HS1516_B",18773.3715403351,"HS1516","B"
"106","HK_1","HS1518_B",22260.1837774005,"HS1518","B"
"107","HK_1","HS1519_B",14521.3648239722,"HS1519","B"
"108","HK_1","HS1525_B",9458.18894383349,"HS1525","B"
"109","HK_1","HS1530_B",16310.2539670824,"HS1530","B"
"110","HK_1","HS1531_B",19112.6695697099,"HS1531","B"
"111","HK_1","HS1532_B",17362.6094914754,"HS1532","B"
"112","HK_1","HS1535_B",20800.5900804487,"HS1535","B"
"113","HK_1","HS1536_B",19751.0526238099,"HS1536","B"
"114","HK_1","HS1543_B",19718.8033065171,"HS1543","B"
"115","HK_1","HS1562_B",12186.0569045686,"HS1562","B"
"116","HK_1","HS1566_B",10927.7289098826,"HS1566","B"
"117","HK_1","HS1567_B",19287.7375452063,"HS1567","B"
"118","HK_1","HS1573_B",17966.7977710532,"HS1573","B"
"119","HK_1","HS1579_B",15221.0221418555,"HS1579","B"
"120","HK_1","MH8451_B",5063.493615765,"MH8451","B"
"121","HK_1","MH8453_B",239.796147317145,"MH8453","B"
"122","HK_1","MH8586_A",16959.6522252565,"MH8586","A"
"123","HK_1","MH8588_A",274.385858734962,"MH8588","A"
"124","HK_1","MH8589_A",23079.0641375747,"MH8589","A"
"125","HK_1","MH8592_A",23957.0419957192,"MH8592","A"
"126","HK_1","MH8594_A",3473.14657908333,"MH8594","A"
"127","HK_1","MH8611_A",6796.62351465053,"MH8611","A"
"128","HK_1","MH8688_A",3743.47848549708,"MH8688","A"
"129","HK_1","MH8689_B",2574.82507934165,"MH8689","B"
"130","HK_1","MH8690_A",2553.28149678943,"MH8690","A"
"131","HK_1","MH8691_B",4027.36511919699,"MH8691","B"
"132","HK_1","MH8692_A",21576.8109085541,"MH8692","A"
"133","HK_1","MH8700_A",22286.528747509,"MH8700","A"
"134","HK_1","MH8714_A",24339.5178979999,"MH8714","A"
"135","HK_1","MH8765_B",14348.2475459444,"MH8765","B"
"136","HK_1","MH8766_B",18112.2135950993,"MH8766","B"
"137","HK_1","MH8922_A",18013.9111373533,"MH8922","A"
"138","HK_1","MH8924_A",14893.9867148867,"MH8924","A"
"139","HK_1","MH8925_A",19976.5482323419,"MH8925","A"
"140","HK_1","MH9017_B",6428.6442541885,"MH9017","B"
"141","HK_1","MH9045_A",20803.8425714075,"MH9045","A"
"142","HK_1","MH9547_B",19199.3744187763,"MH9547","B"
"143","HK_1","PC1A",14856.4153812089,"PC1A",NA
"144","HK_1","PC1B",13266.2766255812,"PC1B",NA
"145","HK_1","PC2B",21135.4021699018,"PC2B",NA
"146","HK_2","HS1401_B",23492.2610524762,"HS1401","B"
"147","HK_2","MH7385_B",15242.7692818658,"MH7385","B"
"148","HK_2","MH7390_B",19477.2015646911,"MH7390","B"
"149","HK_2","MH7391_B",17685.6646246955,"MH7391","B"
"150","HK_2","MH7409_B",20948.1709351244,"MH7409","B"
"151","HK_2","MH7440_B",20148.2363274042,"MH7440","B"
"152","HK_2","MH7505_B",22956.4040888626,"MH7505","B"
"153","HK_2","MH7520_B",14956.817255886,"MH7520","B"
"154","HK_2","MH7564_B",24208.5408517234,"MH7564","B"
"155","HK_2","MH7611_B",20725.0494501439,"MH7611","B"
"156","HK_2","MH7687_B",16980.8427190199,"MH7687","B"
"157","HK_2","MH7755_B",18201.4439442025,"MH7755","B"
"158","HK_2","MH7796_B",13871.0273082884,"MH7796","B"
"159","HK_2","MH7799_B",3600.31131448815,"MH7799","B"
"160","HK_2","MH7800_B",22213.0059044948,"MH7800","B"
"161","HK_2","MH7804_B",18051.7939331316,"MH7804","B"
"162","HK_2","MH7843_B",22818.5765001107,"MH7843","B"
"163","HK_2","MH7844_B",15741.2516052845,"MH7844","B"
"164","HK_2","MH7845_B",17988.0289320245,"MH7845","B"
"165","HK_2","MH7851_B",17180.7140010333,"MH7851","B"
"166","HK_2","MH7855_B",18925.703520555,"MH7855","B"
"167","HK_2","MH7860_B",20379.2167687652,"MH7860","B"
"168","HK_2","MH7884_B",22399.9649420621,"MH7884","B"
"169","HK_2","MH7885_B",22558.3790685659,"MH7885","B"
"170","HK_2","MH7886_B",15531.0279725441,"MH7886","B"
"171","HK_2","MH7890_B",19656.2245184146,"MH7890","B"
"172","HK_2","MH7891_B",17455.310059783,"MH7891","B"
"173","HK_2","MH7905_B",9861.15735478633,"MH7905","B"
"174","HK_2","MH7953_B",15102.6069820651,"MH7953","B"
"175","HK_2","MH8052_B",14118.529928408,"MH8052","B"
"176","HK_2","MH8089_B",20438.1753634955,"MH8089","B"
"177","HK_2","MH8090_B",22408.6317809432,"MH8090","B"
"178","HK_2","MH8125_B",21955.6405638793,"MH8125","B"
"179","HK_2","MH8126_B",17840.5492656285,"MH8126","B"
"180","HK_2","MH8127_B",496.005683076242,"MH8127","B"
"181","HK_2","MH8129_B",14505.0947671415,"MH8129","B"
"182","HK_2","MH8137_B",22257.7272861466,"MH8137","B"
"183","HK_2","MH8156_B",2706.84471178685,"MH8156","B"
"184","HK_2","MH8158_B",19399.35035796,"MH8158","B"
"185","HK_2","MH8159_B",16027.298472212,"MH8159","B"
"186","HK_2","MH8160_B",21579.7616060226,"MH8160","B"
"187","HK_2","MH8165_B",13351.0462026718,"MH8165","B"
"188","HK_2","MH8183_B",12997.831205255,"MH8183","B"
"189","HK_2","MH8186_B",21640.4415824046,"MH8186","B"
"190","HK_2","MH8308_B",21723.6884640933,"MH8308","B"
"191","HK_2","MH8309_B",20563.6265407041,"MH8309","B"
"192","HK_2","MH8386_B",22815.7964425419,"MH8386","B"
"193","HK_2","MH8390_B",23243.3451177209,"MH8390","B"
"194","HK_2","MH8391_B",18661.4261569119,"MH8391","B"
"195","HK_2","MH8392_B",22152.1180898959,"MH8392","B"
"196","HK_2","MH8396_B",16599.0569045686,"MH8396","B"
"197","HK_2","MH8439_B",18640.2053288066,"MH8439","B"
"198","HK_2","MH8447_B",17441.2727876596,"MH8447","B"
"199","HK_2","MH8586_B",15730.979260462,"MH8586","B"
"200","HK_2","MH8589_B",21386.1941840726,"MH8589","B"
"201","HK_2","MH8688_B",5275.1005978301,"MH8688","B"
"202","HK_2","MH8690_B",3041.02612738948,"MH8690","B"
"203","HK_2","MH8692_B",15525.2251826703,"MH8692","B"
"204","HK_2","MH8700_B",17067.8520924053,"MH8700","B"
"205","HK_2","MH8922_B",17864.7740792678,"MH8922","B"
"206","HK_2","MH8924_B",16068.45250572,"MH8924","B"
"207","HK_2","MH8925_B",18825.6441803823,"MH8925","B"
"208","HK_2","MH9045_B",19991.3282899107,"MH9045","B"
"209","HK_2","PC1A",15180.2228208724,"PC1A",NA
"210","HK_2","PC1B",14266.1917484685,"PC1B",NA
"211","HK_6","HS1250_A",22202.6549560853,"HS1250","A"
"212","HK_6","HS1253_A",26326.3530149827,"HS1253","A"
"213","HK_6","HS1255_A",25316.663591409,"HS1255","A"
"214","HK_6","HS1256_A",26946.0353531626,"HS1256","A"
"215","HK_6","HS1273_A",15805.3714665289,"HS1273","A"
"216","HK_6","HS1284_B",29053.4320614067,"HS1284","B"
"217","HK_6","HS1294_A",19424.055059414,"HS1294","A"
"218","HK_6","HS1313_B",20016.754594435,"HS1313","B"
"219","HK_6","HS1325_B",15955.4844637981,"HS1325","B"
"220","HK_6","HS1327_B",19294.6205624031,"HS1327","B"
"221","HK_6","HS1328_B",20052.5587866263,"HS1328","B"
"222","HK_6","HS1335_B",24395.972470293,"HS1335","B"
"223","HK_6","HS1336_B",20865.0109233154,"HS1336","B"
"224","HK_6","HS1340_A",20022.0484168573,"HS1340","A"
"225","HK_6","HS1341_A",18044.9904790021,"HS1341","A"
"226","HK_6","HS1342_B",19071.0315890472,"HS1342","B"
"227","HK_6","HS1345_A",21221.9148276626,"HS1345","A"
"228","HK_6","HS1349_A",16222.3622407558,"HS1349","A"
"229","HK_6","HS1351_A",16433.9578566684,"HS1351","A"
"230","HK_6","HS1352_A",15252.1824488892,"HS1352","A"
"231","HK_6","HS1357_A",17802.7280980146,"HS1357","A"
"232","HK_6","HS1364_A",14302.5241715256,"HS1364","A"
"233","HK_6","HS1367_A",19299.9861982434,"HS1367","A"
"234","HK_6","HS1369_A",28712.240239132,"HS1369","A"
"235","HK_6","HS1375_A",17793.8126799026,"HS1375","A"
"236","HK_6","HS1376_B",19385.5222525648,"HS1376","B"
"237","HK_6","HS1377_A",6823.22739685586,"HS1377","A"
"238","HK_6","HS1381_A",25605.262971437,"HS1381","A"
"239","HK_6","HS1385_A",14449.3959701823,"HS1385","A"
"240","HK_6","HS1387_B",28657.0185991586,"HS1387","B"
"241","HK_6","HS1388_B",28432.8952690235,"HS1388","B"
"242","HK_6","HS1391_B",19289.5656506015,"HS1391","B"
"243","HK_6","HS1392_A",27270.6796811573,"HS1392","A"
"244","HK_6","HS1393_B",16349.7993947893,"HS1393","B"
"245","HK_6","HS1394_B",18389.4334637243,"HS1394","B"
"246","HK_6","HS1395_B",4664.07609417669,"HS1395","B"
"247","HK_6","HS1401_A",24168.7089084065,"HS1401","A"
"248","HK_6","HS1402_A",19104.1908627943,"HS1402","A"
"249","HK_6","HS1405_B",26947.2748542328,"HS1405","B"
"250","HK_6","HS1408_B",26697.6846999779,"HS1408","B"
"251","HK_6","HS1409_A",17129.5409993357,"HS1409","A"
"252","HK_6","HS1411_A",6755.94789283342,"HS1411","A"
"253","HK_6","HS1413_B",16908.3519078899,"HS1413","B"
"254","HK_6","HS1416_A",24153.8390287106,"HS1416","A"
"255","HK_6","HS1417_A",21346.4972322681,"HS1417","A"
"256","HK_6","HS1421_A",18893.6737028563,"HS1421","A"
"257","HK_6","HS1425_A",14721.8109085541,"HS1425","A"
"258","HK_6","HS1427_A",20121.460476788,"HS1427","A"
"259","HK_6","HS1434_B",24056.1530740276,"HS1434","B"
"260","HK_6","HS1445_B",19885.996014466,"HS1445","B"
"261","HK_6","HS1448_A",18495.1236253598,"HS1448","A"
"262","HK_6","HS1450_A",27819.2952247398,"HS1450","A"
"263","HK_6","HS1451_A",12535.9107683224,"HS1451","A"
"264","HK_6","HS1455_A",19543.8656727434,"HS1455","A"
"265","HK_6","HS1457_A",19918.5744335375,"HS1457","A"
"266","HK_6","HS1460_A",15556.3849730607,"HS1460","A"
"267","HK_6","HS1461_A",22144.6390139494,"HS1461","A"
"268","HK_6","HS1463_A",16487.6189386671,"HS1463","A"
"269","HK_6","HS1465_A",16107.3837921618,"HS1465","A"
"270","HK_6","HS1473_A",15992.5783452653,"HS1473","A"
"271","HK_6","PC1A",18634.1040667208,"PC1A",NA
"272","HK_6","PC1B",17365.112923463,"PC1B",NA
"273","HK_6","PC2B",26275.0990479002,"PC2B",NA
"274","HK_7","HS1474_A",18483.7682485792,"HS1474","A"
"275","HK_7","HS1484_A",10590.6444756071,"HS1484","A"
"276","HK_7","HS1487_A",17555.8999188132,"HS1487","A"
"277","HK_7","HS1500_A",16498.0499667872,"HS1500","A"
"278","HK_7","HS1505_A",18333.6175363495,"HS1505","A"
"279","HK_7","HS1506_A",12368.3505793786,"HS1506","A"
"280","HK_7","HS1507_A",14632.6732600192,"HS1507","A"
"281","HK_7","HS1509_A",16946.2388368145,"HS1509","A"
"282","HK_7","HS1510_A",18803.4694811425,"HS1510","A"
"283","HK_7","HS1514_A",2096.59428740128,"HS1514","A"
"284","HK_7","HS1516_A",13439.5899328364,"HS1516","A"
"285","HK_7","HS1517_B",17261.3156690531,"HS1517","B"
"286","HK_7","HS1518_A",24932.9125396708,"HS1518","A"
"287","HK_7","HS1519_A",23923.3654144217,"HS1519","A"
"288","HK_7","HS1520_B",20079.642851871,"HS1520","B"
"289","HK_7","HS1525_A",10787.9846483135,"HS1525","A"
"290","HK_7","HS1530_A",15282.9488523138,"HS1530","A"
"291","HK_7","HS1531_A",15602.4162668832,"HS1531","A"
"292","HK_7","HS1532_A",21276.2698354122,"HS1532","A"
"293","HK_7","HS1535_A",23451.7925308141,"HS1535","A"
"294","HK_7","HS1536_A",17054.0231751421,"HS1536","A"
"295","HK_7","HS1537_A",18217.3640121042,"HS1537","A"
"296","HK_7","HS1543_A",21824.6118532733,"HS1543","A"
"297","HK_7","HS1544_B",13394.3727950402,"HS1544","B"
"298","HK_7","HS1554_A",20630.4204738357,"HS1554","A"
"299","HK_7","HS1562_A",15767.1131448815,"HS1562","A"
"300","HK_7","HS1563_A",24785.1285703742,"HS1563","A"
"301","HK_7","HS1564_A",15098.0476787955,"HS1564","A"
"302","HK_7","HS1566_A",9327.83253376633,"HS1566","A"
"303","HK_7","HS1567_A",26058.4616576869,"HS1567","A"
"304","HK_7","HS1573_A",18891.8508377002,"HS1573","A"
"305","HK_7","HS1579_A",22461.3554505868,"HS1579","A"
"306","HK_7","HS1595_B",19376.5647649273,"HS1595","B"
"307","HK_7","HS1596_A",17894.3590670898,"HS1596","A"
"308","HK_7","HS1597_A",16144.7676581298,"HS1597","A"
"309","HK_7","HS1604_A",19445.2048121633,"HS1604","A"
"310","HK_7","HS1607_A",18347.6750313676,"HS1607","A"
"311","HK_7","MH7346_B",969.828400619972,"MH7346","B"
"312","HK_7","MH7385_A",12321.8811720422,"MH7385","A"
"313","HK_7","MH7389_A",15873.2842276183,"MH7389","A"
"314","HK_7","MH7390_A",19315.2361797919,"MH7390","A"
"315","HK_7","MH7391_A",13064.8879622112,"MH7391","A"
"316","HK_7","MH7409_A",18858.6988707654,"MH7409","A"
"317","HK_7","MH7440_A",21751.5178979999,"MH7440","A"
"318","HK_7","MH7455_B",16542.9582256993,"MH7455","B"
"319","HK_7","MH7492_B",19448.3350800797,"MH7492","B"
"320","HK_7","MH7505_A",14953.8852313824,"MH7505","A"
"321","HK_7","MH7520_A",12958.2295372352,"MH7520","A"
"322","HK_7","MH7537_A",3853.3003173666,"MH7537","A"
"323","HK_7","MH7564_A",27613.9858292125,"MH7564","A"
"324","HK_7","MH7565_B",27277.7948188058,"MH7565","B"
"325","HK_7","MH7611_A",26641.9563805447,"MH7611","A"
"326","HK_7","MH7612_A",24740.7471400103,"MH7612","A"
"327","HK_7","MH7627_B",26381.043102812,"MH7627","B"
"328","HK_7","MH7637_A",5464.28496568012,"MH7637","A"
"329","HK_7","MH7642_B",19060.5180456122,"MH7642","B"
"330","HK_7","MH7687_A",25717.482028194,"MH7687","A"
"331","HK_7","MH7755_A",23019.1990552808,"MH7755","A"
"332","HK_7","MH7796_A",17106.4698501734,"MH7796","A"
"333","HK_7","MH7797_A",22836.9737988043,"MH7797","A"
"334","HK_7","MH7799_A",5632.36091224445,"MH7799","A"
"335","HK_7","PC1A",15584.2929367481,"PC1A",NA
"336","HK_7","PC1B",14587.8148940881,"PC1B",NA
"337","HK_7","PC2A",22326.6840357222,"PC2A",NA
"338","HK_7","PC2B",24118.0715919994,"PC2B",NA
"339","HK_8","HS1390_A",15214.407410141,"HS1390","A"
"340","HK_8","MH7800_A",24712.1701232563,"MH7800","A"
"341","HK_8","MH7804_A",19901.1448815411,"MH7804","A"
"342","HK_8","MH7842_B",23325.7115654292,"MH7842","B"
"343","HK_8","MH7843_A",23054.1924127242,"MH7843","A"
"344","HK_8","MH7844_A",17865.3017934903,"MH7844","A"
"345","HK_8","MH7845_A",27137.1779467119,"MH7845","A"
"346","HK_8","MH7851_A",8207.81201564691,"MH7851","A"
"347","HK_8","MH7852_B",24440.2212709425,"MH7852","B"
"348","HK_8","MH7855_A",20206.102959628,"MH7855","A"
"349","HK_8","MH7860_A",23110.1503431988,"MH7860","A"
"350","HK_8","MH7884_A",20224.2217137796,"MH7884","A"
"351","HK_8","MH7885_A",24529.2138165178,"MH7885","A"
"352","HK_8","MH7886_A",13966.7714222452,"MH7886","A"
"353","HK_8","MH7887_A",6956.23359657539,"MH7887","A"
"354","HK_8","MH7890_A",19131.2045907447,"MH7890","A"
"355","HK_8","MH7891_A",24291.4677836003,"MH7891","A"
"356","HK_8","MH7893_A",24793.2694663813,"MH7893","A"
"357","HK_8","MH7905_A",10838.9203631264,"MH7905","A"
"358","HK_8","MH7953_A",17455.8877407927,"MH7953","A"
"359","HK_8","MH8041_A",24328.5400398553,"MH8041","A"
"360","HK_8","MH8052_A",15675.9946121485,"MH8052","A"
"361","HK_8","MH8086_B",3490.43575171599,"MH8086","B"
"362","HK_8","MH8088_A",17732.3930917411,"MH8088","A"
"363","HK_8","MH8089_A",21451.9390360912,"MH8089","A"
"364","HK_8","MH8090_A",24988.0231751421,"MH8090","A"
"365","HK_8","MH8125_A",22763.8488449332,"MH8125","A"
"366","HK_8","MH8126_A",21027.5108126061,"MH8126","A"
"367","HK_8","MH8127_A",534.96486825596,"MH8127","A"
"368","HK_8","MH8129_A",16763.9893719094,"MH8129","A"
"369","HK_8","MH8132_A",1506.02081334416,"MH8132","A"
"370","HK_8","MH8133_A",3444.52911653997,"MH8133","A"
"371","HK_8","MH8137_A",19210.694737619,"MH8137","A"
"372","HK_8","MH8155_B",20435.2566241051,"MH8155","B"
"373","HK_8","MH8156_A",3712.21462838586,"MH8156","A"
"374","HK_8","MH8158_A",18718.9129825079,"MH8158","A"
"375","HK_8","MH8159_A",13494.717469924,"MH8159","A"
"376","HK_8","MH8160_A",19948.5138386597,"MH8160","A"
"377","HK_8","MH8165_A",13259.8934976751,"MH8165","A"
"378","HK_8","MH8177_B",12902.3795852092,"MH8177","B"
"379","HK_8","MH8178_A",11709.1574285925,"MH8178","A"
"380","HK_8","MH8183_A",16015.1144733929,"MH8183","A"
"381","HK_8","MH8185_B",11340.4667503137,"MH8185","B"
"382","HK_8","MH8186_A",11285.2073953797,"MH8186","A"
"383","HK_8","MH8308_A",15120.7064728024,"MH8308","A"
"384","HK_8","MH8309_A",15105.4167097203,"MH8309","A"
"385","HK_8","MH8354_B",16076.0836224076,"MH8354","B"
"386","HK_8","MH8386_A",23989.5302236327,"MH8386","A"
"387","HK_8","MH8390_A",18975.8642704259,"MH8390","A"
"388","HK_8","MH8391_A",12506.2612000886,"MH8391","A"
"389","HK_8","MH8392_A",14485.8364454941,"MH8392","A"
"390","HK_8","MH8393_B",19663.1156542918,"MH8393","B"
"391","HK_8","MH8396_A",17252.6662484316,"MH8396","A"
"392","HK_8","MH8424_B",17208.2383939774,"MH8424","B"
"393","HK_8","MH8439_A",18643.1487932689,"MH8439","A"
"394","HK_8","MH8442_B",22507.8326813787,"MH8442","B"
"395","HK_8","MH8443_B",13149.1773562625,"MH8443","B"
"396","HK_8","MH8444_B",12646.3093955273,"MH8444","B"
"397","HK_8","MH8445_B",14054.4188500996,"MH8445","B"
"398","HK_8","MH8447_A",11378.6190124732,"MH8447","A"
"399","HK_8","MH8448_A",18685.4528009447,"MH8448","A"
"400","HK_8","MH8450_A",9489.38851575762,"MH8450","A"
"401","HK_8","PC1A",14019.7658129751,"PC1A",NA
"402","HK_8","PC1B",12277.8940143184,"PC1B",NA
"403","perth","1102",29478.3538794067,"1102",NA
"404","perth","1103",18489.6966534993,"1103",NA
"405","perth","1107",260.432660058135,"1107",NA
"406","perth","1109",10024.3971826787,"1109",NA
"407","perth","1110",23379.7952597451,"1110",NA
"408","perth","1116",21570.711261832,"1116",NA
"409","perth","1121",23610.1901319222,"1121",NA
"410","perth","1122",19307.4631437728,"1122",NA
"411","perth","1123",20125.75024223,"1123",NA
"412","perth","1125",13823.9813669226,"1125",NA
"413","perth","1129",105.460386077365,"1129",NA
"414","perth","1130",13282.6587165536,"1130",NA
"415","perth","1131",12843.2370872773,"1131",NA
"416","perth","1133",17450.2856823433,"1133",NA
"417","perth","1134",24036.2152493106,"1134",NA
"418","perth","1139",16297.1703808601,"1139",NA
"419","perth","1145",101.24461504062,"1145",NA
"420","perth","1148",21443.8213460535,"1148",NA
"421","perth","1149",14461.1361705299,"1149",NA
"422","perth","1150",14834.3098308117,"1150",NA
"423","perth","1151",15846.5050309309,"1151",NA
"424","perth","1152",4495.83632704777,"1152",NA
"425","perth","1153",15313.7442051129,"1153",NA
"426","perth","1154",22322.4564358649,"1154",NA
"427","perth","1161",27575.8036818961,"1161",NA
"428","perth","1162",30237.5809793545,"1162",NA
"429","perth","1163",32281.4307222181,"1163",NA
"430","perth","1164",40377.4184989193,"1164",NA
"431","perth","1165",22502.1960199747,"1165",NA
"432","perth","1167",20372.6613251845,"1167",NA
"433","perth","1168",36519.8633822762,"1168",NA
"434","perth","1171",23516.634269956,"1171",NA
"435","perth","1173",41784.6412014608,"1173",NA
"436","perth","1174",19203.2410374898,"1174",NA
"437","perth","1175",37514.3552209883,"1175",NA
"438","perth","1178",21082.3837668629,"1178",NA
"439","perth","1179",23040.4684355668,"1179",NA
"440","perth","1180",38959.5142729373,"1180",NA
"441","perth","1181",21397.3761645673,"1181",NA
"442","perth","1182",21921.6064694045,"1182",NA
"443","perth","1185",20493.2731609153,"1185",NA
"444","perth","1201",24024.7601550272,"1201",NA
"445","perth","1203",18672.4224491317,"1203",NA
"446","perth","1204",20279.4304986212,"1204",NA
"447","perth","1205",16939.8445256018,"1205",NA
"448","perth","1206",29026.5145710666,"1206",NA
"449","perth","1207",3092.00313035701,"1207",NA
"450","perth","1208",2154.8854438399,"1208",NA
"451","perth","1209",104.817470373407,"1209",NA
"452","perth","1210",8673.51382574346,"1210",NA
"453","perth","1212",474.216292762913,"1212",NA
"454","perth","1213",23418.8918536185,"1213",NA
"455","perth","1216",13162.4619512559,"1216",NA
"456","perth","1217",19072.8779906089,"1217",NA
"457","perth","1218",3499.95610046955,"1218",NA
"458","perth","1221",22386.5791905791,"1221",NA
"459","perth","1222",17695.7482298576,"1222",NA
"460","perth","Perth_mp",33284.812327644,"Perth","mp"
"461","perth","Perth_pool",31324.5188194082,"Perth","pool"
"462","perth","Vic_pool",31172.4024744727,"Vic","pool"
"463","perth_2","1103",38.2890362972349,"1103",NA
"464","perth_2","1121",17857.9576656481,"1121",NA
"465","perth_2","1122",23418.0687187896,"1122",NA
"466","perth_2","1125",19125.357084296,"1125",NA
"467","perth_2","1129",19452.846239845,"1129",NA
"468","perth_2","1134",23408.4238652456,"1134",NA
"469","perth_2","1139",20300.4998882015,"1139",NA
"470","perth_2","1149",18759.0340612656,"1149",NA
"471","perth_2","1150",18025.3418797049,"1150",NA
"472","perth_2","1153",14891.2800178878,"1153",NA
"473","perth_2","1154",15606.940076023,"1154",NA
"474","perth_2","1162",18306.3199672058,"1162",NA
"475","perth_2","1164",27384.5578743385,"1164",NA
"476","perth_2","1165",30120.6492509503,"1165",NA
"477","perth_2","1167",455.649027353358,"1167",NA
"478","perth_2","1168",24861.2004173809,"1168",NA
"479","perth_2","1173",24543.7583662518,"1173",NA
"480","perth_2","1174",24911.9442498323,"1174",NA
"481","perth_2","1179",27066.1812625773,"1179",NA
"482","perth_2","1201",4963.1398226131,"1201",NA
"483","perth_2","1203",26535.3833942014,"1203",NA
"484","perth_2","1204",25638.1109040769,"1204",NA
"485","perth_2","1205",19386.8258179921,"1205",NA
"486","perth_2","1206",6.22531117239323,"1206",NA
"487","perth_2","1213",21530.0925691287,"1213",NA
"488","perth_2","1217",18428.511068048,"1217",NA
"489","perth_2","1221",20720.6139971678,"1221",NA
"490","perth_2","Perth_mp",22989.6605798614,"Perth","mp"
"491","perth_2","Perth_pool",17009.5961094134,"Perth","pool"
"492","victoria","1225",28819.1623736069,"1225",NA
"493","victoria","1226",10238.1853273304,"1226",NA
"494","victoria","1227",22417.9266366522,"1227",NA
"495","victoria","1228",31821.9524688169,"1228",NA
"496","victoria","1229",23920.4075577533,"1229",NA
"497","victoria","1230",29192.96169459,"1230",NA
"498","victoria","1231",35357.9165252048,"1231",NA
"499","victoria","1232",36153.1744778212,"1232",NA
"500","victoria","1233",18087.9008044874,"1233",NA
"501","victoria","1235",16482.8432356631,"1235",NA
"502","victoria","1236",1845.67540039855,"1236",NA
"503","victoria","1237",23534.4595173076,"1237",NA
"504","victoria","1238",30290.4360469407,"1238",NA
"505","victoria","1239",22261.9043471843,"1239",NA
"506","victoria","1240",27114.6706768027,"1240",NA
"507","victoria","1241",22432.47804266,"1241",NA
"508","victoria","1242",17749.5162004576,"1242",NA
"509","victoria","1243",23588.9798509115,"1243",NA
"510","victoria","1244",16943.9337220459,"1244",NA
"511","victoria","1245",15002.247398332,"1245",NA
"512","victoria","1301",31252.1635545059,"1301",NA
"513","victoria","1302",2921.0696730386,"1302",NA
"514","victoria","1303",26122.80286368,"1303",NA
"515","victoria","1304",7795.91490146874,"1304",NA
"516","victoria","1305",9966.4480035427,"1305",NA
"517","victoria","1306",19941.4650527714,"1306",NA
"518","victoria","1307",30492.0999335744,"1307",NA
"519","victoria","1308",18932.4435013654,"1308",NA
"520","victoria","1309",22807.9941693114,"1309",NA
"521","victoria","1310",24931.8091372057,"1310",NA
"522","victoria","1312",14812.6294929515,"1312",NA
"523","victoria","1313",24777.5184884493,"1313",NA
"524","victoria","1315",28375.3685142815,"1315",NA
"525","victoria","1316",23586.3695475681,"1316",NA
"526","victoria","1317",27744.6608605801,"1317",NA
"527","victoria","1318",26012.276920806,"1318",NA
"528","victoria","1319",3517.2090191158,"1319",NA
"529","victoria","1320",535.476640342461,"1320",NA
"530","victoria","1321",24108.965680124,"1321",NA
"531","victoria","1323",21454.1766920068,"1323",NA
"532","victoria","1324",16332.5698575541,"1324",NA
"533","victoria","1325",2315.65392279873,"1325",NA
"534","victoria","1326",22169.9893719094,"1326",NA
"535","victoria","1327",9055.07063251901,"1327",NA
"536","victoria","1329",1888.61871724851,"1329",NA
"537","victoria","1330",11073.0951361724,"1330",NA
"538","victoria","1331",10.2259207321574,"1331",NA
"539","victoria","1333",12790.6928186582,"1333",NA
"540","victoria","1338",6493.91622998007,"1338",NA
"541","victoria","1340",28601.305262381,"1340",NA
"542","victoria","1341",16965.8289910695,"1341",NA
"543","victoria","1342",175.259723964868,"1342",NA
"544","victoria","1343",1431.74522104952,"1343",NA
"545","victoria","Perth_mp",33288.5078603587,"Perth","mp"
"546","victoria","Vic_mp",27317.5759834674,"Vic","mp"
"547","victoria","Vic_pool",31217.7926046203,"Vic","pool"
"548","victoria","vic_pool_maybe",133.473761901247,"vic","pool"
"549","victoria_2","1225",21223.643663739,"1225",NA
"550","victoria_2","1228",31144.6625581224,"1228",NA
"551","victoria_2","1229",26691.2380987527,"1229",NA
"552","victoria_2","1230",22482.6937781386,"1230",NA
"553","victoria_2","1231",29747.2571407484,"1231",NA
"554","victoria_2","1232",30040.6727433759,"1232",NA
"555","victoria_2","1237",28082.1317440402,"1237",NA
"556","victoria_2","1238",20481.2160307034,"1238",NA
"557","victoria_2","1240",23961.020370507,"1240",NA
"558","victoria_2","1242",21311.0405195955,"1242",NA
"559","victoria_2","1245",17071.7088346003,"1245",NA
"560","victoria_2","1303",29607.1487194627,"1303",NA
"561","victoria_2","1305",18088.6062440032,"1305",NA
"562","victoria_2","1307",29700.4943538268,"1307",NA
"563","victoria_2","1310",29881.5206288287,"1310",NA
"564","victoria_2","1313",28599.8889954978,"1313",NA
"565","victoria_2","1317",21539.3824636505,"1317",NA
"566","victoria_2","1321",28406.1544025389,"1321",NA
"567","victoria_2","1323",19475.0377887667,"1323",NA
"568","victoria_2","1340",18242.7224149384,"1340",NA
"569","victoria_2","Vic_pool",25598.4849804414,"Vic","pool"
