x	HA1:62G	HA1:214T	HA1:291N	HA1:242L	HA1:106T	HA1:53E	HA1:312G	HA1:268L	HA1:242T	HA1:189N	HA1:202V	HA1:208R	HA1:114L	HA1:307R	HA2:133I	HA1:163T	HA2:150R	HA1:193S	HA1:128A	HA1:262N	HA1:260V	HA1:272S	HA1:307R
2006	0.001	0.0008	0.0022	0.0134	0.0001	0.005	0.0002	0.0003	0.002	0.9983	0.0018	0.997	0	0.9823	0.0003	0	0.0004	0.2038	0.0131	0.0087	0.0003	0.0002	0.9823
2006.08	0.0008	0.0008	0.003	0.0097	0.0001	0.0043	0.0001	0.0004	0.0015	0.9988	0.0017	0.9977	0.0001	0.9819	0.0003	0	0.0003	0.1961	0.0161	0.0091	0.0003	0.0002	0.9819
2006.17	0.0004	0.0008	0.0048	0.0071	0.0001	0.003	0.0001	0.0004	0.0011	0.9988	0.0017	0.9978	0.0001	0.9838	0.0003	0	0.0003	0.183	0.0277	0.0088	0.0002	0.0002	0.9838
2006.25	0.0003	0.0008	0.0068	0.0086	0.0001	0.0023	0.0002	0.0003	0.0015	0.9983	0.0018	0.997	0	0.9844	0.0003	0	0.0004	0.1729	0.047	0.0063	0.0003	0.0002	0.9844
2006.33	0.0002	0.0008	0.0102	0.007	0.0001	0.0018	0.0002	0.0003	0.0015	0.9982	0.0022	0.9968	0	0.9815	0.0003	0	0.0004	0.157	0.0817	0.0041	0.0002	0.0002	0.9815
2006.42	0.0002	0.0008	0.0138	0.0053	0.0001	0.0015	0.0002	0.0003	0.0013	0.9982	0.003	0.9962	0	0.9766	0.0003	0	0.0004	0.1328	0.129	0.0026	0.0002	0.0002	0.9766
2006.5	0.0002	0.0008	0.015	0.0037	0.0001	0.0013	0.0002	0.0003	0.0012	0.9982	0.0045	0.995	0	0.9728	0.0003	0	0.0004	0.1046	0.1676	0.0018	0.0002	0.0002	0.9728
2006.58	0.0002	0.0008	0.011	0.0024	0.0001	0.0012	0.0002	0.0003	0.001	0.9982	0.007	0.9926	0	0.9744	0.0003	0	0.0004	0.0823	0.1599	0.0015	0.0001	0.0002	0.9744
2006.67	0.0002	0.0008	0.0065	0.0015	0.0002	0.0013	0.0002	0.0003	0.0008	0.9983	0.0098	0.9886	0	0.9839	0.0003	0	0.0004	0.0647	0.1284	0.0014	0.0001	0.0001	0.9839
2006.75	0.0003	0.0009	0.0031	0.0009	0.0003	0.0015	0.0002	0.0003	0.0005	0.9982	0.0098	0.983	0	0.9918	0.0003	0	0.0004	0.0508	0.0981	0.0014	0.0001	0.0001	0.9918
2006.83	0.0003	0.0009	0.0013	0.0005	0.0006	0.0018	0.0002	0.0003	0.0004	0.9982	0.0066	0.98	0	0.9959	0.0003	0	0.0004	0.0421	0.0769	0.0015	0.0002	0.0001	0.9959
2006.92	0.0004	0.001	0.0006	0.0003	0.0012	0.0017	0.0002	0.0003	0.0003	0.9982	0.004	0.9824	0	0.9978	0.0003	0	0.0004	0.0332	0.061	0.0013	0.0002	0.0001	0.9978
2007	0.0003	0.0009	0.0005	0.0001	0.0028	0.0012	0.0001	0.0004	0.0001	0.999	0.0026	0.9827	0.0001	0.9992	0.0003	0	0.0003	0.0198	0.0348	0.0009	0.0001	0.0001	0.9992
2007.08	0.0004	0.001	0.0008	0.0002	0.0055	0.001	0.0001	0.0004	0.0002	0.9986	0.0012	0.9837	0.0001	0.9991	0.0003	0	0.0004	0.011	0.0369	0.0017	0.0001	0.0004	0.9991
2007.17	0.0006	0.0015	0.0015	0.0005	0.0077	0.0014	0.0002	0.0004	0.0004	0.997	0.0007	0.9882	0	0.998	0.0003	0	0.0006	0.0072	0.0524	0.0035	0.0002	0.0007	0.998
2007.25	0.0007	0.0016	0.002	0.0008	0.008	0.0019	0.0002	0.0003	0.0005	0.9954	0.0005	0.9931	0	0.9976	0.0003	0	0.0008	0.0048	0.0616	0.0047	0.0003	0.0008	0.9976
2007.33	0.0006	0.0012	0.0026	0.0014	0.0072	0.0026	0.0002	0.0003	0.0005	0.9936	0.0005	0.9963	0	0.9979	0.0004	0	0.0007	0.0028	0.0612	0.0049	0.0003	0.0008	0.9979
2007.42	0.0005	0.001	0.0037	0.0016	0.0062	0.0038	0.0002	0.0003	0.0006	0.9933	0.0005	0.9978	0.0001	0.9982	0.0006	0	0.0005	0.0018	0.0604	0.0046	0.0002	0.0004	0.9982
2007.5	0.0003	0.0007	0.0063	0.001	0.0066	0.0053	0.0001	0.0004	0.0004	0.9939	0.0004	0.999	0.0001	0.9986	0.0006	0	0.0003	0.0015	0.0455	0.0052	0.0001	0.0002	0.9986
2007.58	0.0003	0.0008	0.0071	0.0005	0.0066	0.0057	0.0002	0.0003	0.0006	0.996	0.0005	0.9985	0.0002	0.9972	0.0008	0	0.0004	0.0025	0.0464	0.005	0.0002	0.0001	0.9972
2007.67	0.0003	0.0009	0.007	0.0003	0.0094	0.0055	0.0002	0.0003	0.0009	0.9973	0.0006	0.9982	0.0004	0.9954	0.0008	0	0.0005	0.0039	0.0329	0.0074	0.0002	0	0.9954
2007.75	0.0003	0.001	0.0061	0.0002	0.0148	0.0052	0.0002	0.0003	0.0011	0.9981	0.0006	0.998	0.0003	0.9917	0.0007	0	0.0005	0.0038	0.0197	0.0136	0.0002	0	0.9917
2007.83	0.0005	0.0013	0.0045	0.0003	0.0196	0.0048	0.0002	0.0002	0.0018	0.9977	0.0007	0.9967	0.0001	0.985	0.0008	0	0.0008	0.0026	0.0152	0.0218	0.0002	0	0.985
2007.92	0.0006	0.0015	0.0041	0.0003	0.0234	0.0035	0.0002	0.0002	0.0019	0.9975	0.0006	0.9951	0.0001	0.9753	0.0009	0.0001	0.0009	0.0019	0.0107	0.029	0.0002	0.0001	0.9753
2008	0.0008	0.002	0.004	0.0004	0.0223	0.0026	0.0002	0.0002	0.002	0.9967	0.0006	0.9927	0	0.9747	0.0012	0.0001	0.0011	0.0019	0.0077	0.0243	0.0003	0.0001	0.9747
2008.08	0.0007	0.0018	0.0038	0.0004	0.0209	0.0019	0.0001	0.0004	0.0011	0.9969	0.0005	0.9932	0	0.9839	0.0018	0.0001	0.0014	0.0016	0.0048	0.0158	0.0003	0.0002	0.9839
2008.17	0.0004	0.0012	0.0054	0.0009	0.021	0.0021	0.0001	0.0008	0.0006	0.9974	0.0008	0.9939	0	0.9898	0.0022	0	0.0008	0.0017	0.0013	0.011	0.0002	0.0005	0.9898
2008.25	0.0006	0.0012	0.0061	0.0022	0.015	0.0022	0.0001	0.0017	0.0007	0.9957	0.002	0.9954	0	0.992	0.0017	0	0.0012	0.0033	0.0006	0.0071	0.0002	0.0003	0.992
2008.33	0.0008	0.0015	0.0042	0.0044	0.007	0.002	0.0002	0.0023	0.0011	0.992	0.0044	0.9964	0	0.9902	0.0013	0	0.0021	0.0063	0.0005	0.0066	0.0002	0.0002	0.9902
2008.42	0.0011	0.002	0.0023	0.0081	0.0033	0.0023	0.0002	0.0025	0.0015	0.9855	0.0096	0.9971	0	0.9851	0.0009	0	0.004	0.0116	0.0004	0.0081	0.0002	0.0001	0.9851
2008.5	0.0013	0.0037	0.0014	0.0134	0.0018	0.0032	0.0001	0.0026	0.0021	0.9756	0.0177	0.9981	0	0.9784	0.0006	0	0.0075	0.0191	0.0006	0.0092	0.0002	0.0002	0.9784
2008.58	0.0015	0.0071	0.0012	0.01	0.0013	0.003	0.0002	0.0013	0.0017	0.9821	0.0102	0.9966	0	0.986	0.0007	0	0.0085	0.0136	0.0012	0.0046	0.0002	0.0004	0.986
2008.67	0.0013	0.0139	0.0017	0.0065	0.0017	0.003	0.0002	0.0007	0.0012	0.9873	0.0047	0.9959	0	0.9917	0.0008	0	0.0094	0.0089	0.0022	0.0021	0.0002	0.0005	0.9917
2008.75	0.0015	0.0231	0.0026	0.0033	0.0025	0.0027	0.0002	0.0003	0.0007	0.9879	0.0018	0.9947	0	0.9936	0.001	0	0.0093	0.0069	0.0035	0.0009	0.0002	0.0003	0.9936
2008.83	0.0015	0.0266	0.0033	0.0016	0.0033	0.0022	0.0002	0.0002	0.0004	0.9849	0.0007	0.9945	0	0.9944	0.0015	0	0.0095	0.0058	0.0031	0.0004	0.0001	0.0001	0.9944
2008.92	0.0019	0.021	0.0024	0.0008	0.002	0.0013	0.0002	0.0001	0.0002	0.9747	0.0003	0.9941	0	0.9941	0.0021	0	0.0093	0.0056	0.0017	0.0002	0.0001	0	0.9941
2009	0.0027	0.0143	0.001	0.0006	0.0009	0.0008	0.0002	0.0001	0.0002	0.9484	0.0003	0.9926	0	0.9923	0.0023	0	0.0082	0.0069	0.0011	0.0002	0.0001	0	0.9923
2009.08	0.0039	0.0079	0.0003	0.001	0.0004	0.0006	0.0002	0.0001	0.0002	0.8922	0.0002	0.9918	0	0.9905	0.0015	0	0.0053	0.0077	0.001	0.0002	0.0001	0	0.9905
2009.17	0.0046	0.004	0.0001	0.0021	0.0003	0.0003	0.0002	0.0001	0.0004	0.7798	0.0003	0.9938	0	0.9917	0.0008	0	0.0029	0.0061	0.0009	0.0004	0.0001	0	0.9917
2009.25	0.0068	0.0026	0.0001	0.0042	0.0003	0.0003	0.0002	0.0001	0.0006	0.5965	0.0004	0.9934	0	0.9932	0.0004	0	0.0013	0.0068	0.0012	0.0007	0.0002	0	0.9932
2009.33	0.0055	0.0027	0.0001	0.008	0.0002	0.0003	0.0001	0.0001	0.001	0.3581	0.0009	0.9967	0	0.997	0.0002	0	0.0007	0.0049	0.0009	0.0014	0.0002	0	0.997
2009.42	0.0047	0.004	0.0001	0.0152	0.0002	0.0006	0.0001	0	0.0018	0.1826	0.0015	0.9982	0	0.9983	0.0002	0	0.0004	0.0031	0.0004	0.0027	0.0003	0	0.9983
2009.5	0.0046	0.0051	0.0002	0.0218	0.0002	0.001	0	0.0001	0.0025	0.0999	0.0011	0.9986	0	0.9981	0.0003	0	0.0004	0.0021	0.0003	0.0042	0.0003	0.0001	0.9981
2009.58	0.004	0.0078	0.0004	0.0172	0.0004	0.001	0.0001	0.0002	0.002	0.0704	0.0011	0.998	0	0.9965	0.0007	0	0.0006	0.0025	0.0004	0.0053	0.0003	0.0002	0.9965
2009.67	0.0034	0.0101	0.0008	0.0101	0.0008	0.001	0.0001	0.0003	0.0012	0.086	0.002	0.9957	0	0.9951	0.0016	0	0.001	0.0044	0.0006	0.0058	0.0003	0.0005	0.9951
2009.75	0.0028	0.0144	0.001	0.0074	0.0015	0.0013	0.0002	0.0006	0.001	0.1228	0.0036	0.9908	0	0.9941	0.0031	0	0.0015	0.0064	0.0009	0.0063	0.0002	0.0006	0.9941
2009.83	0.0021	0.0178	0.0008	0.0055	0.0013	0.0014	0.0003	0.0005	0.0008	0.1911	0.0049	0.9827	0	0.9953	0.0035	0	0.0014	0.0056	0.001	0.0078	0.0002	0.0005	0.9953
2009.92	0.0017	0.0167	0.0005	0.0041	0.0009	0.0013	0.0004	0.0003	0.0007	0.2296	0.0049	0.9695	0	0.9963	0.003	0	0.001	0.005	0.0011	0.0097	0.0002	0.0003	0.9963
2010	0.0016	0.0111	0.0004	0.0024	0.0006	0.0013	0.0004	0.0002	0.0004	0.2037	0.004	0.9496	0	0.9967	0.0023	0	0.0007	0.0053	0.0014	0.0098	0.0002	0.0002	0.9967
2010.08	0.0019	0.0064	0.0004	0.0013	0.0004	0.0013	0.0004	0.0002	0.0003	0.1561	0.0032	0.9332	0	0.9966	0.0017	0	0.0004	0.0065	0.0016	0.0083	0.0002	0.0001	0.9966
2010.17	0.0022	0.0034	0.0004	0.0007	0.0004	0.0012	0.0003	0.0002	0.0002	0.1087	0.0024	0.9202	0	0.9964	0.0012	0	0.0003	0.0084	0.0017	0.0066	0.0002	0.0001	0.9964
2010.25	0.0025	0.0019	0.0005	0.0004	0.0004	0.001	0.0003	0.0002	0.0001	0.0688	0.0019	0.9086	0	0.9963	0.0008	0	0.0003	0.0106	0.0013	0.0053	0.0002	0.0001	0.9963
2010.33	0.0026	0.0011	0.0005	0.0004	0.0005	0.0009	0.0002	0.0002	0.0002	0.0391	0.0014	0.8953	0	0.9967	0.0006	0.0001	0.0003	0.0126	0.0009	0.0043	0.0002	0.0001	0.9967
2010.42	0.0027	0.0008	0.0005	0.0007	0.0006	0.0007	0.0002	0.0002	0.0002	0.0204	0.001	0.877	0	0.9971	0.0004	0.0001	0.0004	0.0125	0.0007	0.0036	0.0003	0.0001	0.9971
2010.5	0.0026	0.0006	0.0004	0.0011	0.0008	0.0005	0.0002	0.0002	0.0004	0.0097	0.0007	0.8605	0	0.9975	0.0003	0.0001	0.0004	0.01	0.0005	0.0032	0.0003	0.0001	0.9975
2010.58	0.0024	0.0004	0.0005	0.0019	0.001	0.0005	0.0003	0.0001	0.0007	0.0046	0.0005	0.8645	0	0.9975	0.0002	0	0.0005	0.0066	0.0003	0.0028	0.0003	0	0.9975
2010.67	0.002	0.0003	0.0003	0.0025	0.0009	0.0006	0.0003	0.0001	0.001	0.0022	0.0004	0.8921	0	0.9966	0.0002	0	0.0006	0.0042	0.0002	0.0026	0.0002	0.0001	0.9966
2010.75	0.0017	0.0004	0.0004	0.0023	0.002	0.0013	0.0003	0.0001	0.001	0.0026	0.0006	0.941	0	0.9956	0.0002	0	0.0006	0.0027	0.0001	0.0031	0.0004	0	0.9956
2010.83	0.0017	0.0006	0.0004	0.0024	0.0028	0.0023	0.0003	0.0001	0.0012	0.0029	0.0008	0.9705	0	0.9954	0.0003	0	0.0005	0.0016	0.0001	0.0029	0.0004	0.0001	0.9954
2010.92	0.0019	0.0011	0.0004	0.0024	0.0032	0.0034	0.0003	0.0001	0.0012	0.0026	0.0009	0.986	0	0.9945	0.0004	0	0.0005	0.001	0.0001	0.0029	0.0005	0.0001	0.9945
2011	0.0022	0.002	0.0003	0.0014	0.0021	0.0035	0.0003	0	0.0007	0.0013	0.0007	0.9923	0	0.9913	0.0006	0	0.0005	0.0006	0	0.0022	0.0003	0.0001	0.9913
2011.08	0.0029	0.0026	0.0003	0.0006	0.0013	0.0039	0.0003	0	0.0003	0.0014	0.0008	0.9947	0	0.9871	0.0006	0	0.0006	0.0003	0	0.0017	0.0002	0.0001	0.9871
2011.17	0.0036	0.0024	0.0002	0.0002	0.0014	0.0044	0.0003	0.0001	0.0001	0.0025	0.0013	0.9964	0	0.9897	0.0006	0	0.0007	0.0002	0	0.0021	0.0002	0.0001	0.9897
2011.25	0.0042	0.0016	0.0002	0.0001	0.0016	0.0043	0.0003	0.0001	0.0001	0.0038	0.002	0.9975	0	0.9934	0.0005	0	0.0006	0.0002	0	0.0026	0.0002	0.0001	0.9934
2011.33	0.0044	0.0009	0.0002	0.0001	0.0018	0.0032	0.0003	0.0002	0	0.0026	0.0026	0.9981	0	0.996	0.0004	0	0.0004	0.0003	0	0.0034	0.0002	0.0001	0.996
2011.42	0.0043	0.0006	0.0003	0	0.0021	0.0019	0.0003	0.0002	0	0.0012	0.0034	0.9985	0	0.9975	0.0003	0.0001	0.0003	0.0005	0.0001	0.0049	0.0001	0.0002	0.9975
2011.5	0.0046	0.0005	0.0005	0.0001	0.0021	0.001	0.0003	0.0001	0	0.0006	0.0035	0.999	0	0.9986	0.0003	0	0.0001	0.001	0.0001	0.0068	0.0001	0.0001	0.9986
2011.58	0.0048	0.0006	0.0006	0	0.0025	0.0007	0.0004	0.0001	0	0.0003	0.0041	0.9992	0	0.999	0.0004	0	0.0001	0.0022	0.0001	0.0071	0.0001	0.0001	0.999
2011.67	0.005	0.001	0.0006	0	0.0029	0.0006	0.0004	0.0001	0	0.0002	0.0047	0.9994	0	0.9992	0.0007	0	0	0.0048	0.0001	0.0061	0.0001	0.0001	0.9992
2011.75	0.005	0.0021	0.0005	0.0001	0.0025	0.0006	0.0004	0.0001	0	0.0002	0.0036	0.9997	0	0.9995	0.0015	0	0	0.0113	0.0002	0.0048	0.0001	0.0001	0.9995
2011.83	0.0039	0.0036	0.0005	0.0001	0.0023	0.0006	0.0004	0.0001	0	0.0001	0.0024	0.9998	0	0.9997	0.0029	0	0	0.0251	0.0004	0.0034	0.0001	0	0.9997
2011.92	0.003	0.0045	0.0004	0.0003	0.0012	0.0006	0.0005	0	0.0001	0.0001	0.0009	0.9999	0	0.9998	0.0038	0	0	0.0447	0.0009	0.0032	0.0001	0	0.9998
2012	0.0019	0.0039	0.0004	0.0007	0.001	0.0006	0.0005	0.0001	0.0001	0.0002	0.0006	0.9999	0	0.9999	0.0021	0	0.0001	0.0256	0.0026	0.0045	0.0001	0.0001	0.9999
2012.08	0.0012	0.0037	0.0003	0.0014	0.0013	0.0007	0.0004	0.0003	0.0002	0.0005	0.0005	0.9998	0	0.9998	0.0008	0	0.0001	0.0135	0.0069	0.0033	0.0001	0.0004	0.9998
2012.17	0.0009	0.0055	0.0003	0.0008	0.0025	0.001	0.0003	0.0004	0.0002	0.0014	0.0013	0.9997	0.0001	0.9996	0.0004	0	0.0002	0.0103	0.0145	0.0026	0.0001	0.0013	0.9996
2012.25	0.0007	0.0085	0.0002	0.0004	0.0029	0.0009	0.0002	0.0003	0.0001	0.0031	0.0041	0.9997	0.0001	0.9995	0.0002	0	0.0001	0.0085	0.0246	0.0018	0.0001	0.0034	0.9995
2012.33	0.0006	0.0089	0.0001	0.0002	0.0025	0.0009	0.0001	0.0003	0	0.0027	0.0111	0.9995	0.0001	0.9992	0.0002	0	0.0001	0.0048	0.0332	0.002	0.0001	0.0061	0.9992
2012.42	0.0005	0.0079	0	0.0001	0.0016	0.0007	0.0001	0.0004	0	0.0018	0.0235	0.9994	0.0001	0.9988	0.0002	0	0.0001	0.0026	0.0437	0.0023	0.0001	0.0101	0.9988
2012.5	0.0006	0.0069	0	0.0001	0.001	0.0005	0	0.0006	0	0.0012	0.0399	0.9992	0	0.9984	0.0003	0	0.0001	0.0015	0.0583	0.003	0.0001	0.0145	0.9984
2012.58	0.0008	0.0064	0	0.0001	0.0007	0.0004	0	0.0008	0	0.0008	0.0499	0.999	0	0.9982	0.0003	0	0.0002	0.0015	0.0788	0.0036	0.0001	0.0157	0.9982
2012.67	0.001	0.0054	0	0.0001	0.0006	0.0003	0.0001	0.0009	0	0.0006	0.0378	0.9987	0	0.9985	0.0003	0	0.0002	0.0017	0.1141	0.0045	0.0001	0.0111	0.9985
2012.75	0.001	0.0045	0.0001	0.0001	0.0006	0.0003	0.0001	0.0007	0	0.0005	0.0176	0.998	0	0.9989	0.0003	0	0.0002	0.0015	0.165	0.0056	0.0001	0.0053	0.9989
2012.83	0.0008	0.0038	0.0001	0.0001	0.0009	0.0002	0.0001	0.0007	0	0.0004	0.0062	0.997	0	0.9993	0.0003	0	0.0003	0.0012	0.228	0.0063	0.0001	0.002	0.9993
2012.92	0.0008	0.003	0.0002	0	0.0019	0.0002	0.0001	0.0007	0	0.0002	0.0033	0.9967	0	0.9996	0.0004	0	0.0002	0.0013	0.3043	0.0051	0.0001	0.0007	0.9996
2013	0.0003	0.002	0.0001	0	0.0022	0.0001	0.0001	0.001	0.0001	0.0002	0.0012	0.998	0	0.9998	0.0002	0	0.0001	0.0008	0.381	0.0049	0.0002	0.0003	0.9998
2013.08	0.0002	0.0011	0.0001	0	0.0032	0.0001	0	0.0016	0	0.0002	0.0009	0.9989	0	0.9998	0.0001	0	0	0.0009	0.4326	0.0076	0.0001	0.0003	0.9998
2013.17	0.0002	0.0011	0.0001	0	0.0042	0.0001	0	0.002	0	0.0003	0.002	0.9993	0	0.9997	0.0001	0	0	0.0019	0.4591	0.0111	0.0002	0.0007	0.9997
2013.25	0.0003	0.0019	0.0002	0.0001	0.0044	0.0001	0	0.0018	0.0001	0.0004	0.0035	0.9992	0	0.9994	0.0001	0	0	0.0025	0.485	0.0124	0.0005	0.0013	0.9994
2013.33	0.0004	0.0031	0.0004	0.0001	0.0039	0.0001	0.0001	0.0017	0.0001	0.0005	0.0045	0.9993	0	0.9992	0.0002	0	0	0.0023	0.5049	0.0093	0.0006	0.0011	0.9992
2013.42	0.0006	0.0032	0.0009	0	0.0035	0.0002	0.0001	0.0014	0.0001	0.0006	0.0061	0.9993	0	0.9989	0.0003	0	0	0.0023	0.5559	0.0052	0.0005	0.0006	0.9989
2013.5	0.0005	0.002	0.0018	0	0.0032	0.0002	0.0001	0.0008	0	0.0005	0.0056	0.9994	0	0.9988	0.0005	0	0	0.0017	0.6175	0.0026	0.0003	0.0004	0.9988
2013.58	0.0005	0.0011	0.0022	0	0.0025	0.0004	0.0002	0.0003	0	0.0005	0.0065	0.9993	0	0.9986	0.0009	0	0	0.0021	0.6702	0.0016	0.0002	0.0004	0.9986
2013.67	0.0004	0.0008	0.0019	0	0.0018	0.0004	0.0002	0.0002	0	0.0004	0.0042	0.9994	0	0.9986	0.0013	0	0	0.0016	0.6919	0.0013	0.0002	0.0007	0.9986
2013.75	0.0003	0.0008	0.0011	0	0.0016	0.0004	0.0001	0.0001	0	0.0003	0.0019	0.9996	0	0.999	0.0014	0	0	0.0012	0.692	0.0013	0.0001	0.0009	0.999
2013.83	0.0005	0.0012	0.0006	0	0.0017	0.0004	0.0001	0.0001	0	0.0002	0.0011	0.9996	0	0.9992	0.0013	0	0	0.0013	0.7008	0.0019	0.0002	0.0005	0.9992
2013.92	0.0009	0.0015	0.0006	0.0001	0.0018	0.0002	0.0001	0	0.0001	0.0002	0.001	0.9994	0	0.9996	0.0008	0	0	0.0018	0.7126	0.0033	0.0002	0.0002	0.9996
2014	0.0014	0.0021	0.0008	0.0001	0.0008	0.0002	0	0	0.0002	0.0001	0.0017	0.9986	0	0.9997	0.0004	0	0	0.0024	0.7251	0.0071	0.0002	0.0001	0.9997
2014.08	0.0022	0.0036	0.0012	0.0001	0.0003	0.0001	0	0	0.0003	0.0001	0.0012	0.9977	0	0.9993	0.0002	0	0	0.0039	0.7077	0.0155	0.0002	0	0.9993
2014.17	0.0037	0.0065	0.001	0.0002	0.0001	0.0001	0	0	0.0004	0.0002	0.0006	0.9987	0	0.9982	0.0002	0	0	0.0077	0.6745	0.0213	0.0003	0.0001	0.9982
2014.25	0.006	0.0126	0.0005	0.0002	0.0001	0.0002	0.0001	0	0.0006	0.0003	0.0006	0.9994	0	0.9974	0.0002	0	0	0.0124	0.6646	0.0223	0.0004	0.0001	0.9974
2014.33	0.0075	0.0249	0.0003	0.0002	0.0001	0.0002	0.0001	0	0.0008	0.0004	0.0008	0.9995	0	0.9983	0.0001	0	0	0.0135	0.6842	0.0131	0.0006	0.0001	0.9983
2014.42	0.0094	0.0251	0.0002	0.0002	0.0001	0.0001	0.0001	0.0001	0.0008	0.0005	0.0005	0.9993	0	0.999	0.0001	0	0	0.0114	0.7237	0.0069	0.0004	0.0001	0.999
2014.5	0.0105	0.0338	0.0002	0.0001	0.0001	0.0002	0.0002	0.0001	0.0006	0.0006	0.0005	0.9983	0	0.9992	0.0001	0	0	0.0059	0.7345	0.0035	0.0005	0.0001	0.9992
2014.58	0.0145	0.0242	0.0003	0.0001	0.0003	0.0001	0.0002	0.0001	0.0003	0.0004	0.0003	0.9972	0	0.9994	0.0001	0	0	0.0034	0.7328	0.003	0.0006	0.0001	0.9994
2014.67	0.0201	0.0204	0.0003	0	0.0006	0.0001	0.0003	0.0001	0.0001	0.0003	0.0002	0.9945	0	0.9995	0.0002	0	0	0.0028	0.682	0.0039	0.0011	0.0001	0.9995
2014.75	0.0272	0.016	0.0004	0	0.001	0.0001	0.0004	0	0.0001	0.0002	0.0002	0.9912	0	0.9995	0.0002	0	0	0.0038	0.6053	0.0056	0.002	0	0.9995
2014.83	0.0282	0.0109	0.0003	0	0.0006	0.0001	0.0003	0	0.0001	0.0001	0.0001	0.9907	0	0.9996	0.0002	0	0	0.0065	0.5202	0.0044	0.0026	0	0.9996
2014.92	0.0211	0.0075	0.0003	0	0.0004	0.0001	0.0002	0	0.0002	0.0001	0.0002	0.9904	0	0.9995	0.0003	0	0	0.0079	0.4268	0.0026	0.002	0	0.9995
2015	0.0118	0.0051	0.0003	0	0.0007	0.0001	0.0002	0	0.0003	0.0001	0.0005	0.992	0.0001	0.9988	0.0008	0	0	0.0056	0.3335	0.0029	0.0012	0	0.9988
2015.08	0.0082	0.0034	0.0002	0	0.0009	0.0001	0.0002	0	0.0003	0.0002	0.0005	0.9941	0.0002	0.9988	0.0006	0	0	0.0059	0.2673	0.0041	0.0009	0	0.9988
2015.17	0.0057	0.0021	0.0001	0	0.0009	0.0001	0.0002	0	0.0003	0.0003	0.0004	0.9953	0.0005	0.9993	0.0003	0	0	0.0092	0.2075	0.0054	0.0008	0	0.9993
2015.25	0.0033	0.0023	0.0001	0	0.0005	0.0002	0.0003	0	0.0002	0.0006	0.0004	0.9972	0.0015	0.9995	0.0002	0	0	0.0122	0.1571	0.0071	0.0008	0	0.9995
2015.33	0.0021	0.0034	0.0001	0	0.0002	0.0003	0.0004	0	0.0003	0.0007	0.0005	0.9982	0.0032	0.9995	0.0004	0	0	0.0103	0.1274	0.0084	0.0006	0	0.9995
2015.42	0.0015	0.0046	0.0001	0.0001	0.0001	0.0003	0.0005	0	0.0004	0.0005	0.0005	0.9987	0.005	0.9994	0.0006	0	0	0.0061	0.092	0.0106	0.0005	0	0.9994
2015.5	0.001	0.0045	0.0001	0.0001	0.0001	0.0002	0.0004	0	0.0006	0.0006	0.0004	0.9984	0.005	0.9994	0.0006	0	0	0.0031	0.059	0.0146	0.0007	0	0.9994
2015.58	0.0008	0.0047	0.0002	0.0001	0.0002	0.0002	0.0004	0	0.0007	0.001	0.0004	0.997	0.003	0.9994	0.0008	0	0	0.0016	0.0537	0.0179	0.0011	0.0001	0.9994
2015.67	0.0008	0.0057	0.0002	0.0001	0.0003	0.0002	0.0002	0	0.0007	0.0021	0.0006	0.9935	0.0015	0.9996	0.0007	0	0	0.0013	0.0468	0.0222	0.0013	0.0002	0.9996
2015.75	0.0012	0.0073	0.0001	0.0002	0.0007	0.0001	0.0002	0	0.0008	0.0035	0.0014	0.9906	0.0008	0.9997	0.0009	0	0	0.0021	0.0651	0.0223	0.0014	0.0006	0.9997
2015.83	0.0017	0.0099	0.0001	0.0002	0.0016	0.0002	0.0002	0	0.0007	0.004	0.0018	0.9931	0.0005	0.9998	0.0008	0	0	0.0034	0.0944	0.0157	0.0015	0.0014	0.9998
2015.92	0.0022	0.0131	0.0001	0.0002	0.0025	0.0001	0.0003	0	0.0007	0.0031	0.0007	0.9962	0.0004	0.9998	0.0004	0	0	0.005	0.1147	0.008	0.0015	0.0023	0.9998
2016	0.0022	0.0197	0.0001	0.0002	0.0039	0.0001	0.0003	0	0.0006	0.0016	0.0002	0.9979	0.0002	0.9998	0.0001	0	0	0.0094	0.123	0.004	0.0018	0.0013	0.9998
2016.08	0.002	0.0257	0.0002	0.0001	0.005	0.0001	0.0006	0.0001	0.0003	0.0007	0.0002	0.9981	0.0002	0.9998	0.0001	0	0	0.0183	0.1272	0.004	0.0016	0.0004	0.9998
2016.17	0.0027	0.0277	0.0003	0	0.0056	0.0001	0.0008	0.0001	0.0002	0.0005	0.0003	0.9972	0.0002	0.9997	0.0001	0.0001	0	0.0253	0.1205	0.0074	0.0011	0.0001	0.9997
2016.25	0.0044	0.0238	0.0005	0	0.0058	0.0003	0.0012	0.0002	0.0002	0.0007	0.0007	0.9968	0.0003	0.9993	0.0004	0.0001	0	0.0231	0.12	0.0153	0.0007	0	0.9993
2016.33	0.0057	0.0192	0.0007	0	0.0046	0.0005	0.0015	0.0004	0.0002	0.0008	0.001	0.9975	0.0003	0.9988	0.0009	0.0001	0	0.0202	0.104	0.0241	0.0006	0	0.9988
2016.42	0.0056	0.0156	0.0008	0.0001	0.0026	0.0006	0.0017	0.0005	0.0002	0.0009	0.0008	0.9985	0.0004	0.9989	0.0015	0.0001	0	0.0203	0.0846	0.0335	0.0004	0.0001	0.9989
2016.5	0.0044	0.0134	0.0009	0.0001	0.0015	0.0009	0.0013	0.0003	0.0002	0.001	0.0004	0.9994	0.0003	0.9993	0.0018	0	0	0.0162	0.0474	0.0475	0.0002	0	0.9993
2016.58	0.004	0.0127	0.0017	0.0002	0.0012	0.0015	0.0014	0.0003	0.0004	0.0009	0.0003	0.9996	0.0005	0.9995	0.0026	0	0	0.0171	0.0551	0.0579	0.0002	0	0.9995
2016.67	0.0026	0.0085	0.0033	0.0005	0.0022	0.0026	0.001	0.0001	0.0006	0.001	0.0002	0.9997	0.0003	0.9997	0.002	0	0	0.0094	0.0293	0.0754	0.0001	0	0.9997
2016.75	0.0021	0.0058	0.0052	0.0008	0.0042	0.0048	0.0013	0.0001	0.0008	0.001	0.0002	0.9997	0.0001	0.9998	0.0014	0	0	0.01	0.0217	0.0777	0.0002	0	0.9998
2016.83	0.0023	0.0042	0.0074	0.0007	0.0055	0.0067	0.0017	0	0.0006	0.001	0.0003	0.9994	0	0.9999	0.0013	0	0	0.0178	0.0171	0.0985	0.0005	0	0.9999
2016.92	0.0036	0.0042	0.0077	0.0003	0.0039	0.0066	0.0013	0	0.0002	0.001	0.0005	0.9987	0.0001	0.9999	0.0011	0	0	0.029	0.0135	0.1417	0.0013	0	0.9999
2017	0.0072	0.0037	0.0067	0.0002	0.0017	0.0061	0.0013	0	0.0002	0.0008	0.0007	0.9987	0.0001	0.9999	0.0013	0	0.0001	0.0402	0.014	0.1484	0.0017	0	0.9999
2017.08	0.0191	0.0026	0.006	0.0005	0.001	0.0074	0.0013	0	0.0003	0.0008	0.0003	0.9991	0	0.9999	0.0016	0.0001	0.0001	0.06	0.0176	0.1373	0.0018	0.0001	0.9999
2017.17	0.0399	0.0022	0.0029	0.0008	0.0009	0.009	0.0015	0	0.0004	0.0008	0.0004	0.9994	0	0.9996	0.0019	0	0.0001	0.1042	0.029	0.1031	0.0013	0.0001	0.9996
2017.25	0.0774	0.0049	0.0011	0.0014	0.0008	0.0107	0.0016	0	0.0006	0.0008	0.0003	0.9993	0.0001	0.9989	0.0031	0	0.0001	0.1137	0.0313	0.0644	0.0012	0.0001	0.9989
2017.33	0.1583	0.0036	0.0004	0.0035	0.0013	0.0092	0.0017	0	0.0009	0.001	0.0004	0.9996	0	0.9969	0.0022	0	0.0002	0.0863	0.0208	0.0381	0.0006	0	0.9969
2017.42	0.2233	0.003	0.0001	0.0074	0.0013	0.0073	0.0011	0	0.0015	0.001	0.0012	0.9995	0	0.9967	0.0012	0	0.0002	0.0517	0.0171	0.0192	0.0004	0	0.9967
2017.5	0.2464	0.0029	0.0001	0.0077	0.0008	0.0041	0.0004	0	0.0015	0.0011	0.003	0.9985	0	0.9989	0.0006	0	0.0001	0.0227	0.0129	0.0124	0.0004	0	0.9989
2017.58	0.2633	0.0037	0.0001	0.0065	0.0011	0.0033	0.0002	0	0.0014	0.001	0.003	0.9962	0	0.9997	0.0004	0.0001	0.0001	0.0102	0.0096	0.0143	0.0004	0	0.9997
2017.67	0.2807	0.0049	0.0001	0.0051	0.0022	0.0027	0.0002	0	0.0014	0.0009	0.0015	0.9938	0.0001	0.9998	0.0004	0.0003	0.0002	0.007	0.0098	0.0168	0.0003	0.0001	0.9998
2017.75	0.2724	0.0049	0.0002	0.0049	0.004	0.0016	0.0001	0	0.0016	0.0008	0.0008	0.9936	0.0001	0.9997	0.0002	0.0004	0.0002	0.0091	0.0096	0.0183	0.0002	0.0002	0.9997
2017.83	0.2442	0.0032	0.0002	0.0065	0.0053	0.0011	0.0001	0	0.0024	0.0008	0.0007	0.9924	0.0001	0.9995	0.0002	0.0003	0.0002	0.015	0.0103	0.0143	0.0001	0.0002	0.9995
2017.92	0.2078	0.0024	0.0002	0.0087	0.0047	0.0007	0.0001	0	0.0037	0.0008	0.0007	0.9931	0.0001	0.9994	0.0002	0.0003	0.0004	0.0212	0.0125	0.0075	0	0.0002	0.9994
2018	0.2044	0.0007	0.0001	0.013	0.0005	0.0002	0	0	0.0063	0.0009	0.0011	0.9939	0.0001	0.9993	0.0001	0.0004	0.0006	0.0246	0.0131	0.001	0	0.0002	0.9993
