"","HOUSE_ID","ENROLLID","onset","collect1","collect2","gc_ul1","gc_ul2","home_collected1","home_collected2","mutation","chr","pos","ref","var","season","pcr_result","freq1","freq2","SPECID1","SPECID2","within_host_time","class"
"1",5001,"50001",2014-12-25,2014-12-25,2014-12-31,106549.279906961,5136.8904129294,1,0,"PA_G292A","PA",292,"G","A","2014-2015","A/H3N2",0.088459720965,0,"HS1563","MH8688",6,"Nonsynonymous"
"2",5001,"50001",2014-12-25,2014-12-25,2014-12-31,106549.279906961,5136.8904129294,1,0,"PA_G292G","PA",292,"G","G","2014-2015","A/H3N2",0.910545279846,1,"HS1563","MH8688",6,"Synonymous"
"3",5001,"50001",2014-12-25,2014-12-25,2014-12-31,106549.279906961,5136.8904129294,1,0,"PB2_G1099A","PB2",1099,"G","A","2014-2015","A/H3N2",0.0999685429417,0,"HS1563","MH8688",6,"Nonsynonymous"
"4",5001,"50001",2014-12-25,2014-12-25,2014-12-31,106549.279906961,5136.8904129294,1,0,"PB2_G1099G","PB2",1099,"G","G","2014-2015","A/H3N2",0.89923195999,1,"HS1563","MH8688",6,"Synonymous"
"5",5001,"50003",2014-12-25,2014-12-25,2014-12-31,7744.06904980928,1322.73481222846,1,0,"PA_A1848A","PA",1848,"A","A","2014-2015","A/H3N2",0,0.12118464793,"HS1562","MH8690",6,"Synonymous"
"6",5001,"50003",2014-12-25,2014-12-25,2014-12-31,7744.06904980928,1322.73481222846,1,0,"PA_A1848G","PA",1848,"A","G","2014-2015","A/H3N2",1,0.878513145966,"HS1562","MH8690",6,"Synonymous"
"7",5001,"50003",2014-12-25,2014-12-25,2014-12-31,7744.06904980928,1322.73481222846,1,0,"PB1_G1852A","PB1",1852,"G","A","2014-2015","A/H3N2",0,0.0428052289357,"HS1562","MH8690",6,"Synonymous"
"8",5001,"50003",2014-12-25,2014-12-25,2014-12-31,7744.06904980928,1322.73481222846,1,0,"PB1_G1852G","PB1",1852,"G","G","2014-2015","A/H3N2",1,0.95704845815,"HS1562","MH8690",6,"Synonymous"
"9",5028,"50120",2014-12-15,2014-12-16,2014-12-16,65775.7564564245,279417.025440071,1,0,"NP_G1132A","NP",1132,"G","A","2014-2015","A/H3N2",0.691004763832,0.668852354145,"HS1461","MH8155",0,"Synonymous"
"10",5028,"50120",2014-12-15,2014-12-16,2014-12-16,65775.7564564245,279417.025440071,1,0,"NP_G1132G","NP",1132,"G","G","2014-2015","A/H3N2",0.308590466108,0.330987717503,"HS1461","MH8155",0,"Nonsynonymous"
"11",5028,"50120",2014-12-15,2014-12-16,2014-12-16,65775.7564564245,279417.025440071,1,0,"PB2_A2113A","PB2",2113,"A","A","2014-2015","A/H3N2",0.669721998388,0.666053527085,"HS1461","MH8155",0,"Synonymous"
"12",5028,"50120",2014-12-15,2014-12-16,2014-12-16,65775.7564564245,279417.025440071,1,0,"PB2_A2113G","PB2",2113,"A","G","2014-2015","A/H3N2",0.32950278905,0.333314318553,"HS1461","MH8155",0,"Nonsynonymous"
"13",5033,"50141",2014-12-03,2014-12-04,2014-12-05,1099047.07427442,9328.66776540432,1,0,"HA_C236A","HA",236,"C","A","2014-2015","A/H3N2",0.0251913260241,0,"HS1376","MH7755",1,"Nonsynonymous"
"14",5033,"50141",2014-12-03,2014-12-04,2014-12-05,1099047.07427442,9328.66776540432,1,0,"HA_C236C","HA",236,"C","C","2014-2015","A/H3N2",0.973873196088,1,"HS1376","MH7755",1,"Synonymous"
"15",5033,"50141",2014-12-03,2014-12-04,2014-12-05,1099047.07427442,9328.66776540432,1,0,"HA_G564A","HA",564,"G","A","2014-2015","A/H3N2",0,0.0321867371234,"HS1376","MH7755",1,"Nonsynonymous"
"16",5033,"50141",2014-12-03,2014-12-04,2014-12-05,1099047.07427442,9328.66776540432,1,0,"HA_G564G","HA",564,"G","G","2014-2015","A/H3N2",1,0.967159835072,"HS1376","MH7755",1,"Synonymous"
"17",5033,"50141",2014-12-03,2014-12-04,2014-12-05,1099047.07427442,9328.66776540432,1,0,"HA_A1011A","HA",1011,"A","A","2014-2015","A/H3N2",0.976126537408,1,"HS1376","MH7755",1,"Synonymous"
"18",5033,"50141",2014-12-03,2014-12-04,2014-12-05,1099047.07427442,9328.66776540432,1,0,"HA_A1011G","HA",1011,"A","G","2014-2015","A/H3N2",0.0234583211453,0,"HS1376","MH7755",1,"Nonsynonymous"
"19",5033,"50141",2014-12-03,2014-12-04,2014-12-05,1099047.07427442,9328.66776540432,1,0,"HA_G1025A","HA",1025,"G","A","2014-2015","A/H3N2",0,0.0247380531631,"HS1376","MH7755",1,"Synonymous"
"20",5033,"50141",2014-12-03,2014-12-04,2014-12-05,1099047.07427442,9328.66776540432,1,0,"HA_G1025G","HA",1025,"G","G","2014-2015","A/H3N2",1,0.974567063571,"HS1376","MH7755",1,"Synonymous"
"21",5033,"50141",2014-12-03,2014-12-04,2014-12-05,1099047.07427442,9328.66776540432,1,0,"NS_A652A","NS",652,"A","A","2014-2015","A/H3N2",0.979178390546,1,"HS1376","MH7755",1,"Synonymous"
"22",5033,"50141",2014-12-03,2014-12-04,2014-12-05,1099047.07427442,9328.66776540432,1,0,"NS_A652G","NS",652,"A","G","2014-2015","A/H3N2",0.0205565019974,0,"HS1376","MH7755",1,"Nonsynonymous"
"23",5034,"50143",2015-01-11,2015-01-12,2015-01-13,409463.82903885,13777.0277415602,1,0,"HA_G997G","HA",997,"G","G","2014-2015","A/H3N2",0.118965758211,0.160588985754,"HS1604","MH9045",1,"Nonsynonymous"
"24",5034,"50143",2015-01-11,2015-01-12,2015-01-13,409463.82903885,13777.0277415602,1,0,"HA_G997T","HA",997,"G","T","2014-2015","A/H3N2",0.880223619846,0.838587072082,"HS1604","MH9045",1,"Synonymous"
"25",5034,"50143",2015-01-11,2015-01-12,2015-01-13,409463.82903885,13777.0277415602,1,0,"PA_G916A","PA",916,"G","A","2014-2015","A/H3N2",0.0475818807204,0.0365481131744,"HS1604","MH9045",1,"Nonsynonymous"
"26",5034,"50143",2015-01-11,2015-01-12,2015-01-13,409463.82903885,13777.0277415602,1,0,"PA_G916G","PA",916,"G","G","2014-2015","A/H3N2",0.951631046119,0.962740090263,"HS1604","MH9045",1,"Synonymous"
"27",5034,"50143",2015-01-11,2015-01-12,2015-01-13,409463.82903885,13777.0277415602,1,0,"PB2_G1085A","PB2",1085,"G","A","2014-2015","A/H3N2",0.0371576898886,0.0598420993163,"HS1604","MH9045",1,"Nonsynonymous"
"28",5034,"50143",2015-01-11,2015-01-12,2015-01-13,409463.82903885,13777.0277415602,1,0,"PB2_G1085G","PB2",1085,"G","G","2014-2015","A/H3N2",0.962348905586,0.93941894298,"HS1604","MH9045",1,"Synonymous"
"29",5039,"50167",2014-12-27,2014-12-28,2014-12-31,3225.36866342537,20695.5542972638,1,0,"HA_T491C","HA",491,"T","C","2014-2015","A/H3N2",0.287317227262,0,"HS1566","MH8700",3,"Synonymous"
"30",5039,"50167",2014-12-27,2014-12-28,2014-12-31,3225.36866342537,20695.5542972638,1,0,"HA_T491T","HA",491,"T","T","2014-2015","A/H3N2",0.71178153446,1,"HS1566","MH8700",3,"Synonymous"
"31",5039,"50167",2014-12-27,2014-12-28,2014-12-31,3225.36866342537,20695.5542972638,1,0,"PA_T1551C","PA",1551,"T","C","2014-2015","A/H3N2",0,0.0244930994171,"HS1566","MH8700",3,"Synonymous"
"32",5039,"50167",2014-12-27,2014-12-28,2014-12-31,3225.36866342537,20695.5542972638,1,0,"PA_T1551T","PA",1551,"T","T","2014-2015","A/H3N2",1,0.975,"HS1566","MH8700",3,"Synonymous"
"33",5048,"50207",2014-11-30,2014-11-30,2014-12-01,4350989.14626686,281214.85983637,1,0,"HA_G1670A","HA",1670,"G","A","2014-2015","A/H3N2",0.0289438607466,0.0349313418453,"HS1340","MH7627",1,"Synonymous"
"34",5048,"50207",2014-11-30,2014-11-30,2014-12-01,4350989.14626686,281214.85983637,1,0,"HA_G1670G","HA",1670,"G","G","2014-2015","A/H3N2",0.969830111306,0.964586846543,"HS1340","MH7627",1,"Synonymous"
"35",5048,"50207",2014-11-30,2014-11-30,2014-12-01,4350989.14626686,281214.85983637,1,0,"PA_G1175A","PA",1175,"G","A","2014-2015","A/H3N2",0,0.0230061114999,"HS1340","MH7627",1,"Nonsynonymous"
"36",5048,"50207",2014-11-30,2014-11-30,2014-12-01,4350989.14626686,281214.85983637,1,0,"PA_G1175G","PA",1175,"G","G","2014-2015","A/H3N2",1,0.97644711685,"HS1340","MH7627",1,"Synonymous"
"37",5048,"50207",2014-11-30,2014-11-30,2014-12-01,4350989.14626686,281214.85983637,1,0,"PB1_C1108C","PB1",1108,"C","C","2014-2015","A/H3N2",1,0.958475312354,"HS1340","MH7627",1,"Synonymous"
"38",5048,"50207",2014-11-30,2014-11-30,2014-12-01,4350989.14626686,281214.85983637,1,0,"PB1_C1108T","PB1",1108,"C","T","2014-2015","A/H3N2",0,0.0409793687369,"HS1340","MH7627",1,"Synonymous"
"39",5048,"50207",2014-11-30,2014-11-30,2014-12-01,4350989.14626686,281214.85983637,1,0,"PB1_C1213C","PB1",1213,"C","C","2014-2015","A/H3N2",1,0.976715767224,"HS1340","MH7627",1,"Synonymous"
"40",5048,"50207",2014-11-30,2014-11-30,2014-12-01,4350989.14626686,281214.85983637,1,0,"PB1_C1213T","PB1",1213,"C","T","2014-2015","A/H3N2",0,0.022613500316,"HS1340","MH7627",1,"Synonymous"
"41",5048,"50207",2014-11-30,2014-11-30,2014-12-01,4350989.14626686,281214.85983637,1,0,"PB2_A587A","PB2",587,"A","A","2014-2015","A/H3N2",1,0.971014492754,"HS1340","MH7627",1,"Synonymous"
"42",5048,"50207",2014-11-30,2014-11-30,2014-12-01,4350989.14626686,281214.85983637,1,0,"PB2_A587G","PB2",587,"A","G","2014-2015","A/H3N2",0,0.0286562213244,"HS1340","MH7627",1,"Nonsynonymous"
"43",5048,"50207",2014-11-30,2014-11-30,2014-12-01,4350989.14626686,281214.85983637,1,0,"PB2_C897C","PB2",897,"C","C","2014-2015","A/H3N2",1,0.966154995797,"HS1340","MH7627",1,"Synonymous"
"44",5048,"50207",2014-11-30,2014-11-30,2014-12-01,4350989.14626686,281214.85983637,1,0,"PB2_C897T","PB2",897,"C","T","2014-2015","A/H3N2",0,0.0293899721004,"HS1340","MH7627",1,"Synonymous"
"45",5048,"50207",2014-11-30,2014-11-30,2014-12-01,4350989.14626686,281214.85983637,1,0,"PB2_A1893A","PB2",1893,"A","A","2014-2015","A/H3N2",0.943163212799,1,"HS1340","MH7627",1,"Synonymous"
"46",5048,"50207",2014-11-30,2014-11-30,2014-12-01,4350989.14626686,281214.85983637,1,0,"PB2_A1893T","PB2",1893,"A","T","2014-2015","A/H3N2",0.0552275151719,0,"HS1340","MH7627",1,"Synonymous"
"47",5053,"50232",2014-12-12,2014-12-13,2014-12-15,17739.5303778508,2789.66688089761,1,0,"M_T721C","M",721,"T","C","2014-2015","A/H3N2",0,0.0755530848731,"HS1448","MH8125",2,"Synonymous"
"48",5053,"50232",2014-12-12,2014-12-13,2014-12-15,17739.5303778508,2789.66688089761,1,0,"M_T721T","M",721,"T","T","2014-2015","A/H3N2",1,0.922576224734,"HS1448","MH8125",2,"Synonymous"
"49",5053,"50232",2014-12-12,2014-12-13,2014-12-15,17739.5303778508,2789.66688089761,1,0,"NS_A140A","NS",140,"A","A","2014-2015","A/H3N2",0,0.0764177797241,"HS1448","MH8125",2,"Synonymous"
"50",5053,"50232",2014-12-12,2014-12-13,2014-12-15,17739.5303778508,2789.66688089761,1,0,"NS_A140G","NS",140,"A","G","2014-2015","A/H3N2",1,0.922706371798,"HS1448","MH8125",2,"Synonymous"
"51",5053,"50232",2014-12-12,2014-12-13,2014-12-15,17739.5303778508,2789.66688089761,1,0,"NS_T173A","NS",173,"T","A","2014-2015","A/H3N2",1,0.919238613188,"HS1448","MH8125",2,"Synonymous"
"52",5053,"50232",2014-12-12,2014-12-13,2014-12-15,17739.5303778508,2789.66688089761,1,0,"NS_T173T","NS",173,"T","T","2014-2015","A/H3N2",0,0.0802175390891,"HS1448","MH8125",2,"Synonymous"
"53",5053,"50232",2014-12-12,2014-12-13,2014-12-15,17739.5303778508,2789.66688089761,1,0,"NS_T440G","NS",440,"T","G","2014-2015","A/H3N2",0,0.0241244183161,"HS1448","MH8125",2,"Nonsynonymous"
"54",5053,"50232",2014-12-12,2014-12-13,2014-12-15,17739.5303778508,2789.66688089761,1,0,"NS_T440T","NS",440,"T","T","2014-2015","A/H3N2",1,0.975245289215,"HS1448","MH8125",2,"Synonymous"
"55",5053,"50232",2014-12-12,2014-12-13,2014-12-15,17739.5303778508,2789.66688089761,1,0,"PA_C180C","PA",180,"C","C","2014-2015","A/H3N2",0,0.0230176211454,"HS1448","MH8125",2,"Synonymous"
"56",5053,"50232",2014-12-12,2014-12-13,2014-12-15,17739.5303778508,2789.66688089761,1,0,"PA_C180T","PA",180,"C","T","2014-2015","A/H3N2",1,0.975330396476,"HS1448","MH8125",2,"Synonymous"
"57",5053,"50232",2014-12-12,2014-12-13,2014-12-15,17739.5303778508,2789.66688089761,1,0,"PA_C552A","PA",552,"C","A","2014-2015","A/H3N2",0,0.0224108822864,"HS1448","MH8125",2,"Synonymous"
"58",5053,"50232",2014-12-12,2014-12-13,2014-12-15,17739.5303778508,2789.66688089761,1,0,"PA_C552C","PA",552,"C","C","2014-2015","A/H3N2",1,0.97628992629,"HS1448","MH8125",2,"Synonymous"
"59",5053,"50232",2014-12-12,2014-12-13,2014-12-15,17739.5303778508,2789.66688089761,1,0,"PA_G807A","PA",807,"G","A","2014-2015","A/H3N2",1,0.975313342853,"HS1448","MH8125",2,"Synonymous"
"60",5053,"50232",2014-12-12,2014-12-13,2014-12-15,17739.5303778508,2789.66688089761,1,0,"PA_G807G","PA",807,"G","G","2014-2015","A/H3N2",0,0.0241789623989,"HS1448","MH8125",2,"Synonymous"
"61",5053,"50232",2014-12-12,2014-12-13,2014-12-15,17739.5303778508,2789.66688089761,1,0,"PA_T1014C","PA",1014,"T","C","2014-2015","A/H3N2",0,0.0235300535364,"HS1448","MH8125",2,"Synonymous"
"62",5053,"50232",2014-12-12,2014-12-13,2014-12-15,17739.5303778508,2789.66688089761,1,0,"PA_T1014T","PA",1014,"T","T","2014-2015","A/H3N2",1,0.975647159858,"HS1448","MH8125",2,"Synonymous"
"63",5053,"50232",2014-12-12,2014-12-13,2014-12-15,17739.5303778508,2789.66688089761,1,0,"PA_A1605A","PA",1605,"A","A","2014-2015","A/H3N2",0,0.0262236164834,"HS1448","MH8125",2,"Synonymous"
"64",5053,"50232",2014-12-12,2014-12-13,2014-12-15,17739.5303778508,2789.66688089761,1,0,"PA_A1605G","PA",1605,"A","G","2014-2015","A/H3N2",1,0.973228154601,"HS1448","MH8125",2,"Synonymous"
"65",5053,"50232",2014-12-12,2014-12-13,2014-12-15,17739.5303778508,2789.66688089761,1,0,"PB1_G538A","PB1",538,"G","A","2014-2015","A/H3N2",0,0.0223448876923,"HS1448","MH8125",2,"Nonsynonymous"
"66",5053,"50232",2014-12-12,2014-12-13,2014-12-15,17739.5303778508,2789.66688089761,1,0,"PB1_G538G","PB1",538,"G","G","2014-2015","A/H3N2",1,0.97698754046,"HS1448","MH8125",2,"Synonymous"
"67",5053,"50232",2014-12-12,2014-12-13,2014-12-15,17739.5303778508,2789.66688089761,1,0,"PB1_G650A","PB1",650,"G","A","2014-2015","A/H3N2",1,0.973527218494,"HS1448","MH8125",2,"Synonymous"
"68",5053,"50232",2014-12-12,2014-12-13,2014-12-15,17739.5303778508,2789.66688089761,1,0,"PB1_G650G","PB1",650,"G","G","2014-2015","A/H3N2",0,0.0261827823349,"HS1448","MH8125",2,"Nonsynonymous"
"69",5053,"50232",2014-12-12,2014-12-13,2014-12-15,17739.5303778508,2789.66688089761,1,0,"PB1_A884A","PB1",884,"A","A","2014-2015","A/H3N2",0,0.0219176859209,"HS1448","MH8125",2,"Nonsynonymous"
"70",5053,"50232",2014-12-12,2014-12-13,2014-12-15,17739.5303778508,2789.66688089761,1,0,"PB1_A884G","PB1",884,"A","G","2014-2015","A/H3N2",1,0.977635925364,"HS1448","MH8125",2,"Synonymous"
"71",5053,"50232",2014-12-12,2014-12-13,2014-12-15,17739.5303778508,2789.66688089761,1,0,"PB1_C1030C","PB1",1030,"C","C","2014-2015","A/H3N2",0,0.0220879913451,"HS1448","MH8125",2,"Synonymous"
"72",5053,"50232",2014-12-12,2014-12-13,2014-12-15,17739.5303778508,2789.66688089761,1,0,"PB1_C1030T","PB1",1030,"C","T","2014-2015","A/H3N2",1,0.977551388388,"HS1448","MH8125",2,"Synonymous"
"73",5053,"50232",2014-12-12,2014-12-13,2014-12-15,17739.5303778508,2789.66688089761,1,0,"PB1_C1345C","PB1",1345,"C","C","2014-2015","A/H3N2",1,0.937402976897,"HS1448","MH8125",2,"Synonymous"
"74",5053,"50232",2014-12-12,2014-12-13,2014-12-15,17739.5303778508,2789.66688089761,1,0,"PB1_C1345T","PB1",1345,"C","T","2014-2015","A/H3N2",0,0.0621787009043,"HS1448","MH8125",2,"Synonymous"
"75",5053,"50232",2014-12-12,2014-12-13,2014-12-15,17739.5303778508,2789.66688089761,1,0,"PB1_C1820A","PB1",1820,"C","A","2014-2015","A/H3N2",1,0.977046873626,"HS1448","MH8125",2,"Synonymous"
"76",5053,"50232",2014-12-12,2014-12-13,2014-12-15,17739.5303778508,2789.66688089761,1,0,"PB1_C1820C","PB1",1820,"C","C","2014-2015","A/H3N2",0,0.0222056107642,"HS1448","MH8125",2,"Synonymous"
"77",5057,"50246",2015-01-01,2015-01-01,2015-01-05,44344.6289111341,168187.646394325,1,0,"HA_G866C","HA",866,"G","C","2014-2015","A/H3N2",0,0.055754576684,"HS1579","MH8766",4,"Synonymous"
"78",5057,"50246",2015-01-01,2015-01-01,2015-01-05,44344.6289111341,168187.646394325,1,0,"HA_G866G","HA",866,"G","G","2014-2015","A/H3N2",1,0.943120175256,"HS1579","MH8766",4,"Synonymous"
"79",5057,"50246",2015-01-01,2015-01-01,2015-01-05,44344.6289111341,168187.646394325,1,0,"M_A755A","M",755,"A","A","2014-2015","A/H3N2",1,0.449394396216,"HS1579","MH8766",4,"Nonsynonymous"
"80",5057,"50246",2015-01-01,2015-01-01,2015-01-05,44344.6289111341,168187.646394325,1,0,"M_A755C","M",755,"A","C","2014-2015","A/H3N2",0,0.549565940635,"HS1579","MH8766",4,"Synonymous"
"81",5057,"50246",2015-01-01,2015-01-01,2015-01-05,44344.6289111341,168187.646394325,1,0,"NP_C912C","NP",912,"C","C","2014-2015","A/H3N2",0.975390417251,1,"HS1579","MH8766",4,"Synonymous"
"82",5057,"50246",2015-01-01,2015-01-01,2015-01-05,44344.6289111341,168187.646394325,1,0,"NP_C912T","NP",912,"C","T","2014-2015","A/H3N2",0.0238459160993,0,"HS1579","MH8766",4,"Synonymous"
"83",5057,"50246",2015-01-01,2015-01-01,2015-01-05,44344.6289111341,168187.646394325,1,0,"NR_G1011G","NR",1011,"G","G","2014-2015","A/H3N2",1,0.958743052587,"HS1579","MH8766",4,"Synonymous"
"84",5057,"50246",2015-01-01,2015-01-01,2015-01-05,44344.6289111341,168187.646394325,1,0,"NR_G1011T","NR",1011,"G","T","2014-2015","A/H3N2",0,0.0406584010261,"HS1579","MH8766",4,"Nonsynonymous"
"85",5057,"50246",2015-01-01,2015-01-01,2015-01-05,44344.6289111341,168187.646394325,1,0,"PA_T346C","PA",346,"T","C","2014-2015","A/H3N2",0,0.0548465106995,"HS1579","MH8766",4,"Synonymous"
"86",5057,"50246",2015-01-01,2015-01-01,2015-01-05,44344.6289111341,168187.646394325,1,0,"PA_T346T","PA",346,"T","T","2014-2015","A/H3N2",1,0.944324761007,"HS1579","MH8766",4,"Synonymous"
"87",5057,"50246",2015-01-01,2015-01-01,2015-01-05,44344.6289111341,168187.646394325,1,0,"PA_G363A","PA",363,"G","A","2014-2015","A/H3N2",0,0.0568473674904,"HS1579","MH8766",4,"Synonymous"
"88",5057,"50246",2015-01-01,2015-01-01,2015-01-05,44344.6289111341,168187.646394325,1,0,"PA_G363G","PA",363,"G","G","2014-2015","A/H3N2",1,0.942273193234,"HS1579","MH8766",4,"Synonymous"
"89",5057,"50246",2015-01-01,2015-01-01,2015-01-05,44344.6289111341,168187.646394325,1,0,"PB1_T1381C","PB1",1381,"T","C","2014-2015","A/H3N2",0.220612391464,0.278668534015,"HS1579","MH8766",4,"Synonymous"
"90",5057,"50246",2015-01-01,2015-01-01,2015-01-05,44344.6289111341,168187.646394325,1,0,"PB1_T1381T","PB1",1381,"T","T","2014-2015","A/H3N2",0.778983487026,0.721074269849,"HS1579","MH8766",4,"Synonymous"
"91",5057,"50246",2015-01-01,2015-01-01,2015-01-05,44344.6289111341,168187.646394325,1,0,"PB2_G1353A","PB2",1353,"G","A","2014-2015","A/H3N2",0,0.0462796586636,"HS1579","MH8766",4,"Synonymous"
"92",5057,"50246",2015-01-01,2015-01-01,2015-01-05,44344.6289111341,168187.646394325,1,0,"PB2_G1353G","PB2",1353,"G","G","2014-2015","A/H3N2",1,0.952526911148,"HS1579","MH8766",4,"Synonymous"
"93",5070,"50305",2014-12-05,2014-12-07,2014-12-10,31296.7324317693,93437.9191253739,1,0,"HA_C273C","HA",273,"C","C","2014-2015","A/H3N2",0.948241925382,1,"HS1416","MH7890",3,"Synonymous"
"94",5070,"50305",2014-12-05,2014-12-07,2014-12-10,31296.7324317693,93437.9191253739,1,0,"HA_C273T","HA",273,"C","T","2014-2015","A/H3N2",0.0511608590998,0,"HS1416","MH7890",3,"Synonymous"
"95",5070,"50305",2014-12-05,2014-12-07,2014-12-10,31296.7324317693,93437.9191253739,1,0,"NP_C402C","NP",402,"C","C","2014-2015","A/H3N2",1,0.945539097485,"HS1416","MH7890",3,"Synonymous"
"96",5070,"50305",2014-12-05,2014-12-07,2014-12-10,31296.7324317693,93437.9191253739,1,0,"NP_C402T","NP",402,"C","T","2014-2015","A/H3N2",0,0.0537544777979,"HS1416","MH7890",3,"Synonymous"
"97",5070,"50305",2014-12-05,2014-12-07,2014-12-10,31296.7324317693,93437.9191253739,1,0,"NP_A1011A","NP",1011,"A","A","2014-2015","A/H3N2",0.272598938811,0.67699981639,"HS1416","MH7890",3,"Synonymous"
"98",5070,"50305",2014-12-05,2014-12-07,2014-12-10,31296.7324317693,93437.9191253739,1,0,"NP_A1011C","NP",1011,"A","C","2014-2015","A/H3N2",0.726086744877,0.321690423285,"HS1416","MH7890",3,"Synonymous"
"99",5070,"50305",2014-12-05,2014-12-07,2014-12-10,31296.7324317693,93437.9191253739,1,0,"NR_A250A","NR",250,"A","A","2014-2015","A/H3N2",1,0.727608695652,"HS1416","MH7890",3,"Synonymous"
"100",5070,"50305",2014-12-05,2014-12-07,2014-12-10,31296.7324317693,93437.9191253739,1,0,"NR_A250G","NR",250,"A","G","2014-2015","A/H3N2",0,0.271666666667,"HS1416","MH7890",3,"Nonsynonymous"
"101",5070,"50305",2014-12-05,2014-12-07,2014-12-10,31296.7324317693,93437.9191253739,1,0,"NS_T77C","NS",77,"T","C","2014-2015","A/H3N2",0,0.0201493318979,"HS1416","MH7890",3,"Synonymous"
"102",5070,"50305",2014-12-05,2014-12-07,2014-12-10,31296.7324317693,93437.9191253739,1,0,"NS_T77T","NS",77,"T","T","2014-2015","A/H3N2",1,0.978280961183,"HS1416","MH7890",3,"Synonymous"
"103",5073,"50318",2014-11-23,2014-11-23,2014-11-26,1971855.82345112,8499.4537113383,1,0,"HA_G1463A","HA",1463,"G","A","2014-2015","A/H3N2",0,0.0439763850454,"HS1336","MH7611",3,"Nonsynonymous"
"104",5073,"50318",2014-11-23,2014-11-23,2014-11-26,1971855.82345112,8499.4537113383,1,0,"HA_G1463G","HA",1463,"G","G","2014-2015","A/H3N2",1,0.954554554555,"HS1336","MH7611",3,"Synonymous"
"105",5073,"50318",2014-11-23,2014-11-23,2014-11-26,1971855.82345112,8499.4537113383,1,0,"NP_G207A","NP",207,"G","A","2014-2015","A/H3N2",0.975755873818,1,"HS1336","MH7611",3,"Synonymous"
"106",5073,"50318",2014-11-23,2014-11-23,2014-11-26,1971855.82345112,8499.4537113383,1,0,"NP_G207G","NP",207,"G","G","2014-2015","A/H3N2",0.023682486193,0,"HS1336","MH7611",3,"Synonymous"
"107",5073,"50318",2014-11-23,2014-11-23,2014-11-26,1971855.82345112,8499.4537113383,1,0,"NP_C1362C","NP",1362,"C","C","2014-2015","A/H3N2",1,0.957511835561,"HS1336","MH7611",3,"Synonymous"
"108",5073,"50318",2014-11-23,2014-11-23,2014-11-26,1971855.82345112,8499.4537113383,1,0,"NP_C1362T","NP",1362,"C","T","2014-2015","A/H3N2",0,0.0412810234528,"HS1336","MH7611",3,"Synonymous"
"109",5073,"50318",2014-11-23,2014-11-23,2014-11-26,1971855.82345112,8499.4537113383,1,0,"PB1_A877A","PB1",877,"A","A","2014-2015","A/H3N2",0.978369781312,1,"HS1336","MH7611",3,"Synonymous"
"110",5073,"50318",2014-11-23,2014-11-23,2014-11-26,1971855.82345112,8499.4537113383,1,0,"PB1_A877G","PB1",877,"A","G","2014-2015","A/H3N2",0.0208654028168,0,"HS1336","MH7611",3,"Synonymous"
"111",5073,"50318",2014-11-23,2014-11-23,2014-11-26,1971855.82345112,8499.4537113383,1,0,"PB1_A985A","PB1",985,"A","A","2014-2015","A/H3N2",0.941019740826,1,"HS1336","MH7611",3,"Synonymous"
"112",5073,"50318",2014-11-23,2014-11-23,2014-11-26,1971855.82345112,8499.4537113383,1,0,"PB1_A985C","PB1",985,"A","C","2014-2015","A/H3N2",0.0579359438968,0,"HS1336","MH7611",3,"Synonymous"
"113",5073,"50318",2014-11-23,2014-11-23,2014-11-26,1971855.82345112,8499.4537113383,1,0,"PB2_T1713C","PB2",1713,"T","C","2014-2015","A/H3N2",0,0.0315621488869,"HS1336","MH7611",3,"Synonymous"
"114",5073,"50318",2014-11-23,2014-11-23,2014-11-26,1971855.82345112,8499.4537113383,1,0,"PB2_T1713T","PB2",1713,"T","T","2014-2015","A/H3N2",1,0.967804878049,"HS1336","MH7611",3,"Synonymous"
"115",5073,"50319",2014-11-25,2014-11-25,2014-11-26,224616.057124778,654239.112547579,1,0,"HA_A140A","HA",140,"A","A","2014-2015","A/H3N2",0.972760794576,0.948812954577,"HS1335","MH7612",1,"Synonymous"
"116",5073,"50319",2014-11-25,2014-11-25,2014-11-26,224616.057124778,654239.112547579,1,0,"HA_A140G","HA",140,"A","G","2014-2015","A/H3N2",0.0264987958706,0.0498634992657,"HS1335","MH7612",1,"Synonymous"
"117",5073,"50319",2014-11-25,2014-11-25,2014-11-26,224616.057124778,654239.112547579,1,0,"PB2_C880C","PB2",880,"C","C","2014-2015","A/H3N2",0.963082296968,1,"HS1335","MH7612",1,"Synonymous"
"118",5073,"50319",2014-11-25,2014-11-25,2014-11-26,224616.057124778,654239.112547579,1,0,"PB2_C880T","PB2",880,"C","T","2014-2015","A/H3N2",0.0360841803356,0,"HS1335","MH7612",1,"Nonsynonymous"
"119",5078,"50331",2014-12-09,2014-12-09,2014-12-10,1105.33294512701,27992.2367742622,1,0,"NP_C1334C","NP",1334,"C","C","2014-2015","A/H3N2",0.969717498814,0.944899103139,"HS1417","MH7891",1,"Synonymous"
"120",5078,"50331",2014-12-09,2014-12-09,2014-12-10,1105.33294512701,27992.2367742622,1,0,"NP_C1334T","NP",1334,"C","T","2014-2015","A/H3N2",0.0293693096763,0.0545497547818,"HS1417","MH7891",1,"Nonsynonymous"
"121",5078,"50331",2014-12-09,2014-12-09,2014-12-10,1105.33294512701,27992.2367742622,1,0,"PA_A384A","PA",384,"A","A","2014-2015","A/H3N2",1,0.946559001652,"HS1417","MH7891",1,"Synonymous"
"122",5078,"50331",2014-12-09,2014-12-09,2014-12-10,1105.33294512701,27992.2367742622,1,0,"PA_A384G","PA",384,"A","G","2014-2015","A/H3N2",0,0.0517465143171,"HS1417","MH7891",1,"Synonymous"
"123",5098,"50418",2014-12-27,2014-12-28,2014-12-29,75379.7949599435,251821.707281717,1,0,"NR_G1099A","NR",1099,"G","A","2014-2015","A/H3N2",0.960054771236,0.967942545338,"HS1531","MH8592",1,"Synonymous"
"124",5098,"50418",2014-12-27,2014-12-28,2014-12-29,75379.7949599435,251821.707281717,1,0,"NR_G1099C","NR",1099,"G","C","2014-2015","A/H3N2",0.0364039850796,0.0305729417429,"HS1531","MH8592",1,"Synonymous"
"125",5098,"50418",2014-12-27,2014-12-28,2014-12-29,75379.7949599435,251821.707281717,1,0,"PB1_T1837C","PB1",1837,"T","C","2014-2015","A/H3N2",0,0.0305646799297,"HS1531","MH8592",1,"Synonymous"
"126",5098,"50418",2014-12-27,2014-12-28,2014-12-29,75379.7949599435,251821.707281717,1,0,"PB1_T1837T","PB1",1837,"T","T","2014-2015","A/H3N2",1,0.968626473416,"HS1531","MH8592",1,"Synonymous"
"127",5098,"50418",2014-12-27,2014-12-28,2014-12-29,75379.7949599435,251821.707281717,1,0,"PB1_G1900A","PB1",1900,"G","A","2014-2015","A/H3N2",0.0282897855058,0,"HS1531","MH8592",1,"Synonymous"
"128",5098,"50418",2014-12-27,2014-12-28,2014-12-29,75379.7949599435,251821.707281717,1,0,"PB1_G1900G","PB1",1900,"G","G","2014-2015","A/H3N2",0.970804734905,1,"HS1531","MH8592",1,"Synonymous"
"129",5098,"50418",2014-12-27,2014-12-28,2014-12-29,75379.7949599435,251821.707281717,1,0,"PB2_G2245A","PB2",2245,"G","A","2014-2015","A/H3N2",0,0.0510015862057,"HS1531","MH8592",1,"Nonsynonymous"
"130",5098,"50418",2014-12-27,2014-12-28,2014-12-29,75379.7949599435,251821.707281717,1,0,"PB2_G2245G","PB2",2245,"G","G","2014-2015","A/H3N2",1,0.948586891161,"HS1531","MH8592",1,"Synonymous"
"131",5109,"50468",2014-12-21,2014-12-21,2014-12-23,5295.87014994404,13961.6359922664,1,0,"HA_G1019A","HA",1019,"G","A","2014-2015","A/H3N2",0.0451690779046,0,"HS1516","MH8439",2,"Synonymous"
"132",5109,"50468",2014-12-21,2014-12-21,2014-12-23,5295.87014994404,13961.6359922664,1,0,"HA_G1019G","HA",1019,"G","G","2014-2015","A/H3N2",0.95445588521,1,"HS1516","MH8439",2,"Synonymous"
"133",5109,"50468",2014-12-21,2014-12-21,2014-12-23,5295.87014994404,13961.6359922664,1,0,"PB2_T1617C","PB2",1617,"T","C","2014-2015","A/H3N2",0,0.0238997683461,"HS1516","MH8439",2,"Synonymous"
"134",5109,"50468",2014-12-21,2014-12-21,2014-12-23,5295.87014994404,13961.6359922664,1,0,"PB2_T1617T","PB2",1617,"T","T","2014-2015","A/H3N2",1,0.975300928818,"HS1516","MH8439",2,"Synonymous"
"135",5114,"50482",2014-11-19,2014-11-20,2014-11-20,143722.830467899,1273110.28189008,1,0,"HA_G948A","HA",948,"G","A","2014-2015","A/H3N2",0.048947720117,0,"HS1284","MH7455",0,"Nonsynonymous"
"136",5114,"50482",2014-11-19,2014-11-20,2014-11-20,143722.830467899,1273110.28189008,1,0,"HA_G948G","HA",948,"G","G","2014-2015","A/H3N2",0.950401624965,1,"HS1284","MH7455",0,"Synonymous"
"137",5114,"50482",2014-11-19,2014-11-20,2014-11-20,143722.830467899,1273110.28189008,1,0,"NP_T273C","NP",273,"T","C","2014-2015","A/H3N2",0.0732036364348,0.0351737311541,"HS1284","MH7455",0,"Synonymous"
"138",5114,"50482",2014-11-19,2014-11-20,2014-11-20,143722.830467899,1273110.28189008,1,0,"NP_T273T","NP",273,"T","T","2014-2015","A/H3N2",0.925960637301,0.963857895818,"HS1284","MH7455",0,"Synonymous"
"139",5114,"50482",2014-11-19,2014-11-20,2014-11-20,143722.830467899,1273110.28189008,1,0,"PB2_T2055C","PB2",2055,"T","C","2014-2015","A/H3N2",0.0575796758126,0,"HS1284","MH7455",0,"Synonymous"
"140",5114,"50482",2014-11-19,2014-11-20,2014-11-20,143722.830467899,1273110.28189008,1,0,"PB2_T2055T","PB2",2055,"T","T","2014-2015","A/H3N2",0.942040492259,1,"HS1284","MH7455",0,"Synonymous"
"141",5126,"50538",2014-12-08,2014-12-06,2014-12-09,331469.738190488,17044.0229788895,1,0,"NR_T168C","NR",168,"T","C","2014-2015","A/H3N2",0.0532737376178,0,"HS1408","MH7884",3,"Nonsynonymous"
"142",5126,"50538",2014-12-08,2014-12-06,2014-12-09,331469.738190488,17044.0229788895,1,0,"NR_T168T","NR",168,"T","T","2014-2015","A/H3N2",0.946363856004,1,"HS1408","MH7884",3,"Synonymous"
"143",5126,"50538",2014-12-08,2014-12-06,2014-12-09,331469.738190488,17044.0229788895,1,0,"NR_T174C","NR",174,"T","C","2014-2015","A/H3N2",0.0495013829969,0.103353285093,"HS1408","MH7884",3,"Nonsynonymous"
"144",5126,"50538",2014-12-08,2014-12-06,2014-12-09,331469.738190488,17044.0229788895,1,0,"NR_T174T","NR",174,"T","T","2014-2015","A/H3N2",0.949069973428,0.893769017066,"HS1408","MH7884",3,"Synonymous"
"145",5126,"50538",2014-12-08,2014-12-06,2014-12-09,331469.738190488,17044.0229788895,1,0,"NR_T204C","NR",204,"T","C","2014-2015","A/H3N2",0.0537203647876,0.105418555052,"HS1408","MH7884",3,"Nonsynonymous"
"146",5126,"50538",2014-12-08,2014-12-06,2014-12-09,331469.738190488,17044.0229788895,1,0,"NR_T204T","NR",204,"T","T","2014-2015","A/H3N2",0.945148001221,0.893263757116,"HS1408","MH7884",3,"Synonymous"
"147",5126,"50538",2014-12-08,2014-12-06,2014-12-09,331469.738190488,17044.0229788895,1,0,"NR_T220C","NR",220,"T","C","2014-2015","A/H3N2",0.0457585470085,0.0944041703999,"HS1408","MH7884",3,"Synonymous"
"148",5126,"50538",2014-12-08,2014-12-06,2014-12-09,331469.738190488,17044.0229788895,1,0,"NR_T220T","NR",220,"T","T","2014-2015","A/H3N2",0.952399737015,0.905107110858,"HS1408","MH7884",3,"Synonymous"
"149",5126,"50538",2014-12-08,2014-12-06,2014-12-09,331469.738190488,17044.0229788895,1,0,"NR_T221C","NR",221,"T","C","2014-2015","A/H3N2",0.0490578075375,0.1011110223,"HS1408","MH7884",3,"Synonymous"
"150",5126,"50538",2014-12-08,2014-12-06,2014-12-09,331469.738190488,17044.0229788895,1,0,"NR_T221T","NR",221,"T","T","2014-2015","A/H3N2",0.94980620155,0.897849892095,"HS1408","MH7884",3,"Synonymous"
"151",5126,"50538",2014-12-08,2014-12-06,2014-12-09,331469.738190488,17044.0229788895,1,0,"NR_T249C","NR",249,"T","C","2014-2015","A/H3N2",0.0589176907983,0.104666794699,"HS1408","MH7884",3,"Nonsynonymous"
"152",5126,"50538",2014-12-08,2014-12-06,2014-12-09,331469.738190488,17044.0229788895,1,0,"NR_T249T","NR",249,"T","T","2014-2015","A/H3N2",0.940669214087,0.895141156136,"HS1408","MH7884",3,"Synonymous"
"153",5126,"50538",2014-12-08,2014-12-06,2014-12-09,331469.738190488,17044.0229788895,1,0,"NS_A169A","NS",169,"A","A","2014-2015","A/H3N2",0.598071399261,0.615248540598,"HS1408","MH7884",3,"Synonymous"
"154",5126,"50538",2014-12-08,2014-12-06,2014-12-09,331469.738190488,17044.0229788895,1,0,"NS_A169C","NS",169,"A","C","2014-2015","A/H3N2",0.399660203475,0.382374742032,"HS1408","MH7884",3,"Nonsynonymous"
"155",5126,"50540",2014-12-06,2014-12-06,2014-12-09,9153.80335873375,2627.54866436138,1,0,"HA_C545C","HA",545,"C","C","2014-2015","A/H3N2",0.93121305512,0.817740306162,"HS1409","MH7886",3,"Synonymous"
"156",5126,"50540",2014-12-06,2014-12-06,2014-12-09,9153.80335873375,2627.54866436138,1,0,"HA_C545T","HA",545,"C","T","2014-2015","A/H3N2",0.0680510202664,0.18189226088,"HS1409","MH7886",3,"Synonymous"
"157",5126,"50540",2014-12-06,2014-12-06,2014-12-09,9153.80335873375,2627.54866436138,1,0,"PA_G348A","PA",348,"G","A","2014-2015","A/H3N2",0,0.0300537980878,"HS1409","MH7886",3,"Synonymous"
"158",5126,"50540",2014-12-06,2014-12-06,2014-12-09,9153.80335873375,2627.54866436138,1,0,"PA_G348G","PA",348,"G","G","2014-2015","A/H3N2",1,0.969507101086,"HS1409","MH7886",3,"Synonymous"
"159",5129,"50553",2014-11-16,2014-11-16,2014-11-17,2828096.10866543,8010.33563290432,1,0,"HA_C995C","HA",995,"C","C","2014-2015","A/H3N2",0.960878953385,0.911618540293,"HS1256","MH7391",1,"Synonymous"
"160",5129,"50553",2014-11-16,2014-11-16,2014-11-17,2828096.10866543,8010.33563290432,1,0,"HA_C995T","HA",995,"C","T","2014-2015","A/H3N2",0.0380427122411,0.087795844906,"HS1256","MH7391",1,"Synonymous"
"161",5129,"50553",2014-11-16,2014-11-16,2014-11-17,2828096.10866543,8010.33563290432,1,0,"NP_T723C","NP",723,"T","C","2014-2015","A/H3N2",0.0353873297077,0.0536324531095,"HS1256","MH7391",1,"Synonymous"
"162",5129,"50553",2014-11-16,2014-11-16,2014-11-17,2828096.10866543,8010.33563290432,1,0,"NP_T723T","NP",723,"T","T","2014-2015","A/H3N2",0.964169309855,0.94603284683,"HS1256","MH7391",1,"Synonymous"
"163",5129,"50553",2014-11-16,2014-11-16,2014-11-17,2828096.10866543,8010.33563290432,1,0,"PB1_G1822A","PB1",1822,"G","A","2014-2015","A/H3N2",0.0374481830523,0.0208268208572,"HS1256","MH7391",1,"Synonymous"
"164",5129,"50553",2014-11-16,2014-11-16,2014-11-17,2828096.10866543,8010.33563290432,1,0,"PB1_G1822G","PB1",1822,"G","G","2014-2015","A/H3N2",0.961405602311,0.978350247203,"HS1256","MH7391",1,"Synonymous"
"165",5143,"50618",2014-11-24,2014-11-25,2014-11-25,389589.15713512,20444.5236015679,1,0,"PA_G1701A","PA",1701,"G","A","2014-2015","A/H3N2",1,0.966235030142,"HS1328","MH7564",0,"Synonymous"
"166",5143,"50618",2014-11-24,2014-11-25,2014-11-25,389589.15713512,20444.5236015679,1,0,"PA_G1701G","PA",1701,"G","G","2014-2015","A/H3N2",0,0.0333324322132,"HS1328","MH7564",0,"Synonymous"
"167",5143,"50619",2014-11-25,2014-11-25,2014-11-25,789642.406965391,232152.617532256,1,0,"PA_G1701A","PA",1701,"G","A","2014-2015","A/H3N2",0.0395296954463,0.0461136587657,"HS1327","MH7565",0,"Synonymous"
"168",5143,"50619",2014-11-25,2014-11-25,2014-11-25,789642.406965391,232152.617532256,1,0,"PA_G1701G","PA",1701,"G","G","2014-2015","A/H3N2",0.959534628643,0.95296559385,"HS1327","MH7565",0,"Synonymous"
"169",5143,"50620",2014-11-22,2014-11-22,2014-11-24,4292191.10137329,2839.40450937719,1,0,"PA_G1701A","PA",1701,"G","A","2014-2015","A/H3N2",0.230503852869,0.523499257414,"HS1313","MH7520",2,"Synonymous"
"170",5143,"50620",2014-11-22,2014-11-22,2014-11-24,4292191.10137329,2839.40450937719,1,0,"PA_G1701G","PA",1701,"G","G","2014-2015","A/H3N2",0.768498087673,0.475973745988,"HS1313","MH7520",2,"Synonymous"
"171",5158,"50678",2014-12-05,2014-12-05,2014-12-08,27619588.4580095,1240.14033012031,1,0,"HA_A1049A","HA",1049,"A","A","2014-2015","A/H3N2",1,0.907985936715,"HS1385","MH7799",3,"Synonymous"
"172",5158,"50678",2014-12-05,2014-12-05,2014-12-08,27619588.4580095,1240.14033012031,1,0,"HA_A1049G","HA",1049,"A","G","2014-2015","A/H3N2",0,0.0914239163906,"HS1385","MH7799",3,"Synonymous"
"173",5170,"50727",2015-01-08,2015-01-08,2015-01-09,492958.78235852,81281.9233428816,1,0,"PB1_T571C","PB1",571,"T","C","2014-2015","A/H3N2",0,0.0259449381869,"HS1596","MH8922",1,"Synonymous"
"174",5170,"50727",2015-01-08,2015-01-08,2015-01-09,492958.78235852,81281.9233428816,1,0,"PB1_T571T","PB1",571,"T","T","2014-2015","A/H3N2",1,0.973754746482,"HS1596","MH8922",1,"Synonymous"
"175",5170,"50727",2015-01-08,2015-01-08,2015-01-09,492958.78235852,81281.9233428816,1,0,"PB1_G1741A","PB1",1741,"G","A","2014-2015","A/H3N2",0.0267897579618,0.0245798938441,"HS1596","MH8922",1,"Synonymous"
"176",5170,"50727",2015-01-08,2015-01-08,2015-01-09,492958.78235852,81281.9233428816,1,0,"PB1_G1741G","PB1",1741,"G","G","2014-2015","A/H3N2",0.972632731253,0.973605854151,"HS1596","MH8922",1,"Synonymous"
"177",5185,"50785",2014-12-14,2014-12-15,2014-12-16,156652.286461899,3060.68966075269,1,0,"NS_G287A","NS",287,"G","A","2014-2015","A/H3N2",0,0.037064665189,"HS1463","MH8159",1,"Synonymous"
"178",5185,"50785",2014-12-14,2014-12-15,2014-12-16,156652.286461899,3060.68966075269,1,0,"NS_G287G","NS",287,"G","G","2014-2015","A/H3N2",1,0.961906788678,"HS1463","MH8159",1,"Synonymous"
"179",5191,"50809",2014-12-14,2014-12-15,2014-12-16,277932.346832683,3704.0992750182,1,0,"NP_A295A","NP",295,"A","A","2014-2015","A/H3N2",1,0.970779062393,"HS1460","MH8160",1,"Synonymous"
"180",5191,"50809",2014-12-14,2014-12-15,2014-12-16,277932.346832683,3704.0992750182,1,0,"NP_A295G","NP",295,"A","G","2014-2015","A/H3N2",0,0.0282610972159,"HS1460","MH8160",1,"Nonsynonymous"
"181",5191,"50812",2014-12-10,2014-12-10,2014-12-11,20993.5446866126,2189.55112854501,1,0,"PB1_C463C","PB1",463,"C","C","2014-2015","A/H3N2",0.912823964995,0.924696473309,"HS1427","MH7953",1,"Synonymous"
"182",5191,"50812",2014-12-10,2014-12-10,2014-12-11,20993.5446866126,2189.55112854501,1,0,"PB1_C463T","PB1",463,"C","T","2014-2015","A/H3N2",0.0868394479973,0.0748051062923,"HS1427","MH7953",1,"Synonymous"
"183",5191,"50812",2014-12-10,2014-12-10,2014-12-11,20993.5446866126,2189.55112854501,1,0,"PB1_A1204A","PB1",1204,"A","A","2014-2015","A/H3N2",0.975205778599,1,"HS1427","MH7953",1,"Synonymous"
"184",5191,"50812",2014-12-10,2014-12-10,2014-12-11,20993.5446866126,2189.55112854501,1,0,"PB1_A1204G","PB1",1204,"A","G","2014-2015","A/H3N2",0.0245627983103,0,"HS1427","MH7953",1,"Synonymous"
"185",5197,"50842",2014-12-22,2014-12-22,2014-12-23,753947.294546966,221313.744347473,1,0,"NS_G687A","NS",687,"G","A","2014-2015","A/H3N2",0.0681319007211,0.0292183267245,"HS1517","MH8442",1,"Nonsynonymous"
"186",5197,"50842",2014-12-22,2014-12-22,2014-12-23,753947.294546966,221313.744347473,1,0,"NS_G687G","NS",687,"G","G","2014-2015","A/H3N2",0.930590191189,0.970265416085,"HS1517","MH8442",1,"Synonymous"
"187",5200,"50851",2014-12-20,2014-12-20,2014-12-22,117411.864989997,6831.72221223212,1,0,"HA_G149G","HA",149,"G","G","2014-2015","A/H3N2",1,0.922709563906,"HS1509","MH8390",2,"Synonymous"
"188",5200,"50851",2014-12-20,2014-12-20,2014-12-22,117411.864989997,6831.72221223212,1,0,"HA_G149T","HA",149,"G","T","2014-2015","A/H3N2",0,0.075564973762,"HS1509","MH8390",2,"Synonymous"
"189",5200,"50851",2014-12-20,2014-12-20,2014-12-22,117411.864989997,6831.72221223212,1,0,"HA_A935A","HA",935,"A","A","2014-2015","A/H3N2",1,0.924742739538,"HS1509","MH8390",2,"Synonymous"
"190",5200,"50851",2014-12-20,2014-12-20,2014-12-22,117411.864989997,6831.72221223212,1,0,"HA_A935G","HA",935,"A","G","2014-2015","A/H3N2",0,0.0744860752051,"HS1509","MH8390",2,"Synonymous"
"191",5200,"50851",2014-12-20,2014-12-20,2014-12-22,117411.864989997,6831.72221223212,1,0,"HA_G974A","HA",974,"G","A","2014-2015","A/H3N2",0,0.0759168698897,"HS1509","MH8390",2,"Synonymous"
"192",5200,"50851",2014-12-20,2014-12-20,2014-12-22,117411.864989997,6831.72221223212,1,0,"HA_G974G","HA",974,"G","G","2014-2015","A/H3N2",1,0.923493441628,"HS1509","MH8390",2,"Synonymous"
"193",5200,"50851",2014-12-20,2014-12-20,2014-12-22,117411.864989997,6831.72221223212,1,0,"HA_T1316G","HA",1316,"T","G","2014-2015","A/H3N2",0,0.0733906766009,"HS1509","MH8390",2,"Synonymous"
"194",5200,"50851",2014-12-20,2014-12-20,2014-12-22,117411.864989997,6831.72221223212,1,0,"HA_T1316T","HA",1316,"T","T","2014-2015","A/H3N2",1,0.925732987863,"HS1509","MH8390",2,"Synonymous"
"195",5200,"50851",2014-12-20,2014-12-20,2014-12-22,117411.864989997,6831.72221223212,1,0,"M_G220A","M",220,"G","A","2014-2015","A/H3N2",1,0.848744227954,"HS1509","MH8390",2,"Synonymous"
"196",5200,"50851",2014-12-20,2014-12-20,2014-12-22,117411.864989997,6831.72221223212,1,0,"M_G220G","M",220,"G","G","2014-2015","A/H3N2",0,0.150580020273,"HS1509","MH8390",2,"Synonymous"
"197",5200,"50851",2014-12-20,2014-12-20,2014-12-22,117411.864989997,6831.72221223212,1,0,"M_T334A","M",334,"T","A","2014-2015","A/H3N2",0,0.149987976871,"HS1509","MH8390",2,"Synonymous"
"198",5200,"50851",2014-12-20,2014-12-20,2014-12-22,117411.864989997,6831.72221223212,1,0,"M_T334T","M",334,"T","T","2014-2015","A/H3N2",1,0.849063787076,"HS1509","MH8390",2,"Synonymous"
"199",5200,"50851",2014-12-20,2014-12-20,2014-12-22,117411.864989997,6831.72221223212,1,0,"M_G466A","M",466,"G","A","2014-2015","A/H3N2",0,0.145075153437,"HS1509","MH8390",2,"Synonymous"
"200",5200,"50851",2014-12-20,2014-12-20,2014-12-22,117411.864989997,6831.72221223212,1,0,"M_G466G","M",466,"G","G","2014-2015","A/H3N2",1,0.854306899453,"HS1509","MH8390",2,"Synonymous"
"201",5200,"50851",2014-12-20,2014-12-20,2014-12-22,117411.864989997,6831.72221223212,1,0,"NP_C297C","NP",297,"C","C","2014-2015","A/H3N2",0,0.0375483931154,"HS1509","MH8390",2,"Synonymous"
"202",5200,"50851",2014-12-20,2014-12-20,2014-12-22,117411.864989997,6831.72221223212,1,0,"NP_C297T","NP",297,"C","T","2014-2015","A/H3N2",1,0.962125099118,"HS1509","MH8390",2,"Synonymous"
"203",5200,"50851",2014-12-20,2014-12-20,2014-12-22,117411.864989997,6831.72221223212,1,0,"NP_T735C","NP",735,"T","C","2014-2015","A/H3N2",0,0.0358140770358,"HS1509","MH8390",2,"Synonymous"
"204",5200,"50851",2014-12-20,2014-12-20,2014-12-22,117411.864989997,6831.72221223212,1,0,"NP_T735T","NP",735,"T","T","2014-2015","A/H3N2",1,0.963670114028,"HS1509","MH8390",2,"Synonymous"
"205",5200,"50851",2014-12-20,2014-12-20,2014-12-22,117411.864989997,6831.72221223212,1,0,"NP_C1407A","NP",1407,"C","A","2014-2015","A/H3N2",1,0.96290978703,"HS1509","MH8390",2,"Synonymous"
"206",5200,"50851",2014-12-20,2014-12-20,2014-12-22,117411.864989997,6831.72221223212,1,0,"NP_C1407G","NP",1407,"C","G","2014-2015","A/H3N2",0,0.0362526920316,"HS1509","MH8390",2,"Synonymous"
"207",5200,"50851",2014-12-20,2014-12-20,2014-12-22,117411.864989997,6831.72221223212,1,0,"NR_G475A","NR",475,"G","A","2014-2015","A/H3N2",1,0.943064522012,"HS1509","MH8390",2,"Synonymous"
"208",5200,"50851",2014-12-20,2014-12-20,2014-12-22,117411.864989997,6831.72221223212,1,0,"NR_G475G","NR",475,"G","G","2014-2015","A/H3N2",0,0.0566436882226,"HS1509","MH8390",2,"Synonymous"
"209",5200,"50851",2014-12-20,2014-12-20,2014-12-22,117411.864989997,6831.72221223212,1,0,"NR_C491C","NR",491,"C","C","2014-2015","A/H3N2",0,0.0568121104185,"HS1509","MH8390",2,"Synonymous"
"210",5200,"50851",2014-12-20,2014-12-20,2014-12-22,117411.864989997,6831.72221223212,1,0,"NR_C491T","NR",491,"C","T","2014-2015","A/H3N2",1,0.942760463045,"HS1509","MH8390",2,"Synonymous"
"211",5200,"50851",2014-12-20,2014-12-20,2014-12-22,117411.864989997,6831.72221223212,1,0,"NR_C709C","NR",709,"C","C","2014-2015","A/H3N2",1,0.941689304441,"HS1509","MH8390",2,"Synonymous"
"212",5200,"50851",2014-12-20,2014-12-20,2014-12-22,117411.864989997,6831.72221223212,1,0,"NR_C709T","NR",709,"C","T","2014-2015","A/H3N2",0,0.0573930860085,"HS1509","MH8390",2,"Synonymous"
"213",5200,"50851",2014-12-20,2014-12-20,2014-12-22,117411.864989997,6831.72221223212,1,0,"NR_G753A","NR",753,"G","A","2014-2015","A/H3N2",1,0.941452349569,"HS1509","MH8390",2,"Synonymous"
"214",5200,"50851",2014-12-20,2014-12-20,2014-12-22,117411.864989997,6831.72221223212,1,0,"NR_G753G","NR",753,"G","G","2014-2015","A/H3N2",0,0.0583024246697,"HS1509","MH8390",2,"Nonsynonymous"
"215",5200,"50851",2014-12-20,2014-12-20,2014-12-22,117411.864989997,6831.72221223212,1,0,"NR_T862C","NR",862,"T","C","2014-2015","A/H3N2",1,0.943233748873,"HS1509","MH8390",2,"Synonymous"
"216",5200,"50851",2014-12-20,2014-12-20,2014-12-22,117411.864989997,6831.72221223212,1,0,"NR_T862T","NR",862,"T","T","2014-2015","A/H3N2",0,0.0562066714335,"HS1509","MH8390",2,"Synonymous"
"217",5200,"50851",2014-12-20,2014-12-20,2014-12-22,117411.864989997,6831.72221223212,1,0,"NR_C925A","NR",925,"C","A","2014-2015","A/H3N2",0,0.0566924410079,"HS1509","MH8390",2,"Synonymous"
"218",5200,"50851",2014-12-20,2014-12-20,2014-12-22,117411.864989997,6831.72221223212,1,0,"NR_C925C","NR",925,"C","C","2014-2015","A/H3N2",1,0.942341021197,"HS1509","MH8390",2,"Synonymous"
"219",5200,"50851",2014-12-20,2014-12-20,2014-12-22,117411.864989997,6831.72221223212,1,0,"NR_G1066A","NR",1066,"G","A","2014-2015","A/H3N2",0,0.054890911597,"HS1509","MH8390",2,"Synonymous"
"220",5200,"50851",2014-12-20,2014-12-20,2014-12-22,117411.864989997,6831.72221223212,1,0,"NR_G1066G","NR",1066,"G","G","2014-2015","A/H3N2",1,0.944262932711,"HS1509","MH8390",2,"Synonymous"
"221",5200,"50851",2014-12-20,2014-12-20,2014-12-22,117411.864989997,6831.72221223212,1,0,"NR_G1126A","NR",1126,"G","A","2014-2015","A/H3N2",1,0.941218994262,"HS1509","MH8390",2,"Synonymous"
"222",5200,"50851",2014-12-20,2014-12-20,2014-12-22,117411.864989997,6831.72221223212,1,0,"NR_G1126G","NR",1126,"G","G","2014-2015","A/H3N2",0,0.058509917318,"HS1509","MH8390",2,"Synonymous"
"223",5200,"50851",2014-12-20,2014-12-20,2014-12-22,117411.864989997,6831.72221223212,1,0,"NS_A140A","NS",140,"A","A","2014-2015","A/H3N2",0,0.0504552352049,"HS1509","MH8390",2,"Synonymous"
"224",5200,"50851",2014-12-20,2014-12-20,2014-12-22,117411.864989997,6831.72221223212,1,0,"NS_A140G","NS",140,"A","G","2014-2015","A/H3N2",1,0.948406676783,"HS1509","MH8390",2,"Synonymous"
"225",5200,"50851",2014-12-20,2014-12-20,2014-12-22,117411.864989997,6831.72221223212,1,0,"NS_T173A","NS",173,"T","A","2014-2015","A/H3N2",1,0.953384867651,"HS1509","MH8390",2,"Synonymous"
"226",5200,"50851",2014-12-20,2014-12-20,2014-12-22,117411.864989997,6831.72221223212,1,0,"NS_T173T","NS",173,"T","T","2014-2015","A/H3N2",0,0.0452096509721,"HS1509","MH8390",2,"Synonymous"
"227",5200,"50851",2014-12-20,2014-12-20,2014-12-22,117411.864989997,6831.72221223212,1,0,"NS_G233A","NS",233,"G","A","2014-2015","A/H3N2",0,0.0454652845925,"HS1509","MH8390",2,"Synonymous"
"228",5200,"50851",2014-12-20,2014-12-20,2014-12-22,117411.864989997,6831.72221223212,1,0,"NS_G233G","NS",233,"G","G","2014-2015","A/H3N2",1,0.953686696405,"HS1509","MH8390",2,"Synonymous"
"229",5200,"50851",2014-12-20,2014-12-20,2014-12-22,117411.864989997,6831.72221223212,1,0,"NS_G702A","NS",702,"G","A","2014-2015","A/H3N2",1,0.469501866079,"HS1509","MH8390",2,"Nonsynonymous"
"230",5200,"50851",2014-12-20,2014-12-20,2014-12-22,117411.864989997,6831.72221223212,1,0,"NS_G702G","NS",702,"G","G","2014-2015","A/H3N2",0,0.529590865842,"HS1509","MH8390",2,"Synonymous"
"231",5200,"50851",2014-12-20,2014-12-20,2014-12-22,117411.864989997,6831.72221223212,1,0,"PA_A1099A","PA",1099,"A","A","2014-2015","A/H3N2",0,0.0474326635934,"HS1509","MH8390",2,"Nonsynonymous"
"232",5200,"50851",2014-12-20,2014-12-20,2014-12-22,117411.864989997,6831.72221223212,1,0,"PA_A1099C","PA",1099,"A","C","2014-2015","A/H3N2",1,0.951987474993,"HS1509","MH8390",2,"Synonymous"
"233",5200,"50851",2014-12-20,2014-12-20,2014-12-22,117411.864989997,6831.72221223212,1,0,"PA_A1605A","PA",1605,"A","A","2014-2015","A/H3N2",0,0.0469780629757,"HS1509","MH8390",2,"Synonymous"
"234",5200,"50851",2014-12-20,2014-12-20,2014-12-22,117411.864989997,6831.72221223212,1,0,"PA_A1605G","PA",1605,"A","G","2014-2015","A/H3N2",1,0.951857931652,"HS1509","MH8390",2,"Synonymous"
"235",5200,"50851",2014-12-20,2014-12-20,2014-12-22,117411.864989997,6831.72221223212,1,0,"PA_T1809C","PA",1809,"T","C","2014-2015","A/H3N2",0,0.0475376484968,"HS1509","MH8390",2,"Synonymous"
"236",5200,"50851",2014-12-20,2014-12-20,2014-12-22,117411.864989997,6831.72221223212,1,0,"PA_T1809T","PA",1809,"T","T","2014-2015","A/H3N2",1,0.952135573538,"HS1509","MH8390",2,"Synonymous"
"237",5200,"50851",2014-12-20,2014-12-20,2014-12-22,117411.864989997,6831.72221223212,1,0,"PB1_G650A","PB1",650,"G","A","2014-2015","A/H3N2",1,0.915139671963,"HS1509","MH8390",2,"Synonymous"
"238",5200,"50851",2014-12-20,2014-12-20,2014-12-22,117411.864989997,6831.72221223212,1,0,"PB1_G650G","PB1",650,"G","G","2014-2015","A/H3N2",0,0.0845079446438,"HS1509","MH8390",2,"Nonsynonymous"
"239",5200,"50851",2014-12-20,2014-12-20,2014-12-22,117411.864989997,6831.72221223212,1,0,"PB1_C1109A","PB1",1109,"C","A","2014-2015","A/H3N2",0,0.0886797551548,"HS1509","MH8390",2,"Synonymous"
"240",5200,"50851",2014-12-20,2014-12-20,2014-12-22,117411.864989997,6831.72221223212,1,0,"PB1_C1109C","PB1",1109,"C","C","2014-2015","A/H3N2",1,0.90999059022,"HS1509","MH8390",2,"Synonymous"
"241",5200,"50851",2014-12-20,2014-12-20,2014-12-22,117411.864989997,6831.72221223212,1,0,"PB2_G951A","PB2",951,"G","A","2014-2015","A/H3N2",0,0.0249624414124,"HS1509","MH8390",2,"Synonymous"
"242",5200,"50851",2014-12-20,2014-12-20,2014-12-22,117411.864989997,6831.72221223212,1,0,"PB2_G951G","PB2",951,"G","G","2014-2015","A/H3N2",1,0.97392578417,"HS1509","MH8390",2,"Synonymous"
"243",5204,"50874",2014-12-05,2014-12-05,2014-12-06,1446.10996315801,21196.4885031859,1,0,"HA_A1486A","HA",1486,"A","A","2014-2015","A/H3N2",0.894932393611,1,"HS1381","MH7800",1,"Synonymous"
"244",5204,"50874",2014-12-05,2014-12-05,2014-12-06,1446.10996315801,21196.4885031859,1,0,"HA_A1486T","HA",1486,"A","T","2014-2015","A/H3N2",0.103900854115,0,"HS1381","MH7800",1,"Nonsynonymous"
"245",5204,"50874",2014-12-05,2014-12-05,2014-12-06,1446.10996315801,21196.4885031859,1,0,"NR_A501A","NR",501,"A","A","2014-2015","A/H3N2",0.966311176041,0.531832479031,"HS1381","MH7800",1,"Synonymous"
"246",5204,"50874",2014-12-05,2014-12-05,2014-12-06,1446.10996315801,21196.4885031859,1,0,"NR_A501G","NR",501,"A","G","2014-2015","A/H3N2",0.0331706001001,0.467637282551,"HS1381","MH7800",1,"Nonsynonymous"
"247",5204,"50874",2014-12-05,2014-12-05,2014-12-06,1446.10996315801,21196.4885031859,1,0,"PB1_G530A","PB1",530,"G","A","2014-2015","A/H3N2",0.25351760292,0.473359560691,"HS1381","MH7800",1,"Nonsynonymous"
"248",5204,"50874",2014-12-05,2014-12-05,2014-12-06,1446.10996315801,21196.4885031859,1,0,"PB1_G530G","PB1",530,"G","G","2014-2015","A/H3N2",0.745889809237,0.526123263376,"HS1381","MH7800",1,"Synonymous"
"249",5204,"50874",2014-12-05,2014-12-05,2014-12-06,1446.10996315801,21196.4885031859,1,0,"PB1_A1705A","PB1",1705,"A","A","2014-2015","A/H3N2",0.702750944981,0.538210589471,"HS1381","MH7800",1,"Synonymous"
"250",5204,"50874",2014-12-05,2014-12-05,2014-12-06,1446.10996315801,21196.4885031859,1,0,"PB1_A1705G","PB1",1705,"A","G","2014-2015","A/H3N2",0.296343011523,0.461350779373,"HS1381","MH7800",1,"Synonymous"
"251",5204,"50874",2014-12-05,2014-12-05,2014-12-06,1446.10996315801,21196.4885031859,1,0,"PB1_G1798A","PB1",1798,"G","A","2014-2015","A/H3N2",0.820306948984,0.556361093733,"HS1381","MH7800",1,"Synonymous"
"252",5204,"50874",2014-12-05,2014-12-05,2014-12-06,1446.10996315801,21196.4885031859,1,0,"PB1_G1798G","PB1",1798,"G","G","2014-2015","A/H3N2",0.178816730614,0.443234092666,"HS1381","MH7800",1,"Synonymous"
"253",5204,"50874",2014-12-05,2014-12-05,2014-12-06,1446.10996315801,21196.4885031859,1,0,"PB2_G212A","PB2",212,"G","A","2014-2015","A/H3N2",0.302404459968,0.470121801684,"HS1381","MH7800",1,"Nonsynonymous"
"254",5204,"50874",2014-12-05,2014-12-05,2014-12-06,1446.10996315801,21196.4885031859,1,0,"PB2_G212G","PB2",212,"G","G","2014-2015","A/H3N2",0.696233691639,0.528897245157,"HS1381","MH7800",1,"Synonymous"
"255",5219,"50935",2014-12-05,2014-12-05,2014-12-08,7903146.88245179,2838.54796531592,1,0,"HA_T655C","HA",655,"T","C","2014-2015","A/H3N2",0,0.174562543218,"HS1392","MH7851",3,"Nonsynonymous"
"256",5219,"50935",2014-12-05,2014-12-05,2014-12-08,7903146.88245179,2838.54796531592,1,0,"HA_T655T","HA",655,"T","T","2014-2015","A/H3N2",1,0.82490448747,"HS1392","MH7851",3,"Synonymous"
"257",5228,"50968",2014-12-06,2014-12-07,2014-12-08,59552.1759622025,2383.59539700922,1,0,"HA_A879A","HA",879,"A","A","2014-2015","A/H3N2",0.965413916688,1,"HS1401","MH7855",1,"Synonymous"
"258",5228,"50968",2014-12-06,2014-12-07,2014-12-08,59552.1759622025,2383.59539700922,1,0,"HA_A879C","HA",879,"A","C","2014-2015","A/H3N2",0.0341160572648,0,"HS1401","MH7855",1,"Nonsynonymous"
"259",5228,"50968",2014-12-06,2014-12-07,2014-12-08,59552.1759622025,2383.59539700922,1,0,"PA_T984C","PA",984,"T","C","2014-2015","A/H3N2",0,0.0217852295444,"HS1401","MH7855",1,"Synonymous"
"260",5228,"50968",2014-12-06,2014-12-07,2014-12-08,59552.1759622025,2383.59539700922,1,0,"PA_T984T","PA",984,"T","T","2014-2015","A/H3N2",1,0.977804187493,"HS1401","MH7855",1,"Synonymous"
"261",5228,"50968",2014-12-06,2014-12-07,2014-12-08,59552.1759622025,2383.59539700922,1,0,"PB1_A577A","PB1",577,"A","A","2014-2015","A/H3N2",1,0.91637897967,"HS1401","MH7855",1,"Synonymous"
"262",5228,"50968",2014-12-06,2014-12-07,2014-12-08,59552.1759622025,2383.59539700922,1,0,"PB1_A577G","PB1",577,"A","G","2014-2015","A/H3N2",0,0.0827635346589,"HS1401","MH7855",1,"Synonymous"
"263",5228,"50968",2014-12-06,2014-12-07,2014-12-08,59552.1759622025,2383.59539700922,1,0,"PB2_G1785A","PB2",1785,"G","A","2014-2015","A/H3N2",0,0.0318535602867,"HS1401","MH7855",1,"Synonymous"
"264",5228,"50968",2014-12-06,2014-12-07,2014-12-08,59552.1759622025,2383.59539700922,1,0,"PB2_G1785G","PB2",1785,"G","G","2014-2015","A/H3N2",1,0.967627738662,"HS1401","MH7855",1,"Synonymous"
"265",5228,"50969",2014-12-01,2014-12-01,2014-12-02,4256384.59000529,89830.6666256944,1,0,"PA_A519A","PA",519,"A","A","2014-2015","A/H3N2",0.973461732266,1,"HS1351","MH7687",1,"Synonymous"
"266",5228,"50969",2014-12-01,2014-12-01,2014-12-02,4256384.59000529,89830.6666256944,1,0,"PA_A519G","PA",519,"A","G","2014-2015","A/H3N2",0.0259055480325,0,"HS1351","MH7687",1,"Synonymous"
"267",5228,"50969",2014-12-01,2014-12-01,2014-12-02,4256384.59000529,89830.6666256944,1,0,"PA_G1201A","PA",1201,"G","A","2014-2015","A/H3N2",0,0.0250320272215,"HS1351","MH7687",1,"Nonsynonymous"
"268",5228,"50969",2014-12-01,2014-12-01,2014-12-02,4256384.59000529,89830.6666256944,1,0,"PA_G1201G","PA",1201,"G","G","2014-2015","A/H3N2",1,0.974332555532,"HS1351","MH7687",1,"Synonymous"
"269",5228,"50969",2014-12-01,2014-12-01,2014-12-02,4256384.59000529,89830.6666256944,1,0,"PA_A1202A","PA",1202,"A","A","2014-2015","A/H3N2",1,0.969678648085,"HS1351","MH7687",1,"Synonymous"
"270",5228,"50969",2014-12-01,2014-12-01,2014-12-02,4256384.59000529,89830.6666256944,1,0,"PA_A1202G","PA",1202,"A","G","2014-2015","A/H3N2",0,0.029538641251,"HS1351","MH7687",1,"Nonsynonymous"
"271",5234,"50993",2015-01-04,2015-01-06,2015-01-09,4840461.42881588,34583.56208775,1,0,"HA_C418C","HA",418,"C","C","2014-2015","A/H3N2",0.967664515292,1,"HS1595","MH8925",3,"Synonymous"
"272",5234,"50993",2015-01-04,2015-01-06,2015-01-09,4840461.42881588,34583.56208775,1,0,"HA_C418T","HA",418,"C","T","2014-2015","A/H3N2",0.0315552982759,0,"HS1595","MH8925",3,"Nonsynonymous"
"273",5234,"50993",2015-01-04,2015-01-06,2015-01-09,4840461.42881588,34583.56208775,1,0,"M_T303C","M",303,"T","C","2014-2015","A/H3N2",0.0309374082531,0,"HS1595","MH8925",3,"Nonsynonymous"
"274",5234,"50993",2015-01-04,2015-01-06,2015-01-09,4840461.42881588,34583.56208775,1,0,"M_T303T","M",303,"T","T","2014-2015","A/H3N2",0.968531609776,1,"HS1595","MH8925",3,"Synonymous"
"275",5234,"50993",2015-01-04,2015-01-06,2015-01-09,4840461.42881588,34583.56208775,1,0,"NR_G604A","NR",604,"G","A","2014-2015","A/H3N2",0,0.0211669597951,"HS1595","MH8925",3,"Synonymous"
"276",5234,"50993",2015-01-04,2015-01-06,2015-01-09,4840461.42881588,34583.56208775,1,0,"NR_G604G","NR",604,"G","G","2014-2015","A/H3N2",1,0.97691999136,"HS1595","MH8925",3,"Synonymous"
"277",5234,"50993",2015-01-04,2015-01-06,2015-01-09,4840461.42881588,34583.56208775,1,0,"NS_G441A","NS",441,"G","A","2014-2015","A/H3N2",0,0.0272112598053,"HS1595","MH8925",3,"Nonsynonymous"
"278",5234,"50993",2015-01-04,2015-01-06,2015-01-09,4840461.42881588,34583.56208775,1,0,"NS_G441G","NS",441,"G","G","2014-2015","A/H3N2",1,0.971907756813,"HS1595","MH8925",3,"Synonymous"
"279",5234,"50993",2015-01-04,2015-01-06,2015-01-09,4840461.42881588,34583.56208775,1,0,"PA_A1795A","PA",1795,"A","A","2014-2015","A/H3N2",0.897309668783,1,"HS1595","MH8925",3,"Synonymous"
"280",5234,"50993",2015-01-04,2015-01-06,2015-01-09,4840461.42881588,34583.56208775,1,0,"PA_A1795G","PA",1795,"A","G","2014-2015","A/H3N2",0.102067566964,0,"HS1595","MH8925",3,"Nonsynonymous"
"281",5234,"50993",2015-01-04,2015-01-06,2015-01-09,4840461.42881588,34583.56208775,1,0,"PB1_G1558G","PB1",1558,"G","G","2014-2015","A/H3N2",0.974974224388,1,"HS1595","MH8925",3,"Synonymous"
"282",5234,"50993",2015-01-04,2015-01-06,2015-01-09,4840461.42881588,34583.56208775,1,0,"PB1_G1558T","PB1",1558,"G","T","2014-2015","A/H3N2",0.0243697569459,0,"HS1595","MH8925",3,"Synonymous"
"283",5234,"50993",2015-01-04,2015-01-06,2015-01-09,4840461.42881588,34583.56208775,1,0,"PB1_C2104C","PB1",2104,"C","C","2014-2015","A/H3N2",1,0.9533883529,"HS1595","MH8925",3,"Synonymous"
"284",5234,"50993",2015-01-04,2015-01-06,2015-01-09,4840461.42881588,34583.56208775,1,0,"PB1_C2104T","PB1",2104,"C","T","2014-2015","A/H3N2",0,0.0437288398798,"HS1595","MH8925",3,"Synonymous"
"285",5234,"50993",2015-01-04,2015-01-06,2015-01-09,4840461.42881588,34583.56208775,1,0,"PB2_A872A","PB2",872,"A","A","2014-2015","A/H3N2",1,0.969113714264,"HS1595","MH8925",3,"Synonymous"
"286",5234,"50993",2015-01-04,2015-01-06,2015-01-09,4840461.42881588,34583.56208775,1,0,"PB2_A872T","PB2",872,"A","T","2014-2015","A/H3N2",0,0.0289518870615,"HS1595","MH8925",3,"Nonsynonymous"
"287",5234,"50993",2015-01-04,2015-01-06,2015-01-09,4840461.42881588,34583.56208775,1,0,"PB2_G1099A","PB2",1099,"G","A","2014-2015","A/H3N2",0.0383825176499,0,"HS1595","MH8925",3,"Nonsynonymous"
"288",5234,"50993",2015-01-04,2015-01-06,2015-01-09,4840461.42881588,34583.56208775,1,0,"PB2_G1099G","PB2",1099,"G","G","2014-2015","A/H3N2",0.961023714487,1,"HS1595","MH8925",3,"Synonymous"
"289",5238,"51000",2014-12-16,2014-12-16,2014-12-18,17815.4093987506,4792.65263937886,1,0,"HA_T1526A","HA",1526,"T","A","2014-2015","A/H3N2",0,0.0414573346808,"HS1487","MH8308",2,"Nonsynonymous"
"290",5238,"51000",2014-12-16,2014-12-16,2014-12-18,17815.4093987506,4792.65263937886,1,0,"HA_T1526T","HA",1526,"T","T","2014-2015","A/H3N2",1,0.957688528617,"HS1487","MH8308",2,"Synonymous"
"291",5238,"51000",2014-12-16,2014-12-16,2014-12-18,17815.4093987506,4792.65263937886,1,0,"NR_T959C","NR",959,"T","C","2014-2015","A/H3N2",0,0.0397616975701,"HS1487","MH8308",2,"Nonsynonymous"
"292",5238,"51000",2014-12-16,2014-12-16,2014-12-18,17815.4093987506,4792.65263937886,1,0,"NR_T959T","NR",959,"T","T","2014-2015","A/H3N2",1,0.960004016333,"HS1487","MH8308",2,"Synonymous"
"293",5238,"51000",2014-12-16,2014-12-16,2014-12-18,17815.4093987506,4792.65263937886,1,0,"PA_T1065C","PA",1065,"T","C","2014-2015","A/H3N2",0.0233691677076,0,"HS1487","MH8308",2,"Synonymous"
"294",5238,"51000",2014-12-16,2014-12-16,2014-12-18,17815.4093987506,4792.65263937886,1,0,"PA_T1065T","PA",1065,"T","T","2014-2015","A/H3N2",0.975981972217,1,"HS1487","MH8308",2,"Synonymous"
"295",5245,"51046",2014-12-08,2014-12-09,2014-12-10,1813.03726188786,1624.18956305428,1,0,"NP_G942A","NP",942,"G","A","2014-2015","A/H3N2",0.208095813744,0.0977810655399,"HS1421","MH7905",1,"Synonymous"
"296",5245,"51046",2014-12-08,2014-12-09,2014-12-10,1813.03726188786,1624.18956305428,1,0,"NP_G942G","NP",942,"G","G","2014-2015","A/H3N2",0.79084948102,0.900867037538,"HS1421","MH7905",1,"Synonymous"
"297",5249,"51055",2014-12-15,2014-12-15,2014-12-17,388359.824187841,10106.674906501,1,0,"HA_C1274C","HA",1274,"C","C","2014-2015","A/H3N2",1,0.954072592169,"HS1474","MH8186",2,"Synonymous"
"298",5249,"51055",2014-12-15,2014-12-15,2014-12-17,388359.824187841,10106.674906501,1,0,"HA_C1274T","HA",1274,"C","T","2014-2015","A/H3N2",0,0.0449178280835,"HS1474","MH8186",2,"Synonymous"
"299",5249,"51055",2014-12-15,2014-12-15,2014-12-17,388359.824187841,10106.674906501,1,0,"M_T214C","M",214,"T","C","2014-2015","A/H3N2",0,0.418167542072,"HS1474","MH8186",2,"Synonymous"
"300",5249,"51055",2014-12-15,2014-12-15,2014-12-17,388359.824187841,10106.674906501,1,0,"M_T214T","M",214,"T","T","2014-2015","A/H3N2",1,0.579851104707,"HS1474","MH8186",2,"Synonymous"
"301",5249,"51055",2014-12-15,2014-12-15,2014-12-17,388359.824187841,10106.674906501,1,0,"M_A559A","M",559,"A","A","2014-2015","A/H3N2",0,0.0312107008117,"HS1474","MH8186",2,"Synonymous"
"302",5249,"51055",2014-12-15,2014-12-15,2014-12-17,388359.824187841,10106.674906501,1,0,"M_A559G","M",559,"A","G","2014-2015","A/H3N2",1,0.968246255859,"HS1474","MH8186",2,"Synonymous"
"303",5249,"51055",2014-12-15,2014-12-15,2014-12-17,388359.824187841,10106.674906501,1,0,"NS_A453A","NS",453,"A","A","2014-2015","A/H3N2",0.850665023366,1,"HS1474","MH8186",2,"Synonymous"
"304",5249,"51055",2014-12-15,2014-12-15,2014-12-17,388359.824187841,10106.674906501,1,0,"NS_A453G","NS",453,"A","G","2014-2015","A/H3N2",0.147829492147,0,"HS1474","MH8186",2,"Nonsynonymous"
"305",5249,"51055",2014-12-15,2014-12-15,2014-12-17,388359.824187841,10106.674906501,1,0,"PB2_G1626A","PB2",1626,"G","A","2014-2015","A/H3N2",0,0.0817615627157,"HS1474","MH8186",2,"Synonymous"
"306",5249,"51055",2014-12-15,2014-12-15,2014-12-17,388359.824187841,10106.674906501,1,0,"PB2_G1626G","PB2",1626,"G","G","2014-2015","A/H3N2",1,0.917619222181,"HS1474","MH8186",2,"Synonymous"
"307",5249,"51055",2014-12-15,2014-12-15,2014-12-17,388359.824187841,10106.674906501,1,0,"PB2_G2007A","PB2",2007,"G","A","2014-2015","A/H3N2",0,0.0345706494099,"HS1474","MH8186",2,"Synonymous"
"308",5249,"51055",2014-12-15,2014-12-15,2014-12-17,388359.824187841,10106.674906501,1,0,"PB2_G2007G","PB2",2007,"G","G","2014-2015","A/H3N2",1,0.96476849388,"HS1474","MH8186",2,"Synonymous"
"309",5250,"51059",2014-12-22,2014-12-22,2014-12-23,26649748.4124855,891510.933752938,1,0,"M_G553A","M",553,"G","A","2014-2015","A/H3N2",0.0897057347185,0.0328200308996,"HS1520","MH8445",1,"Synonymous"
"310",5250,"51059",2014-12-22,2014-12-22,2014-12-23,26649748.4124855,891510.933752938,1,0,"M_G553G","M",553,"G","G","2014-2015","A/H3N2",0.909609735627,0.966482286316,"HS1520","MH8445",1,"Synonymous"
"311",5250,"51059",2014-12-22,2014-12-22,2014-12-23,26649748.4124855,891510.933752938,1,0,"PA_G1611A","PA",1611,"G","A","2014-2015","A/H3N2",0,0.0514282128035,"HS1520","MH8445",1,"Synonymous"
"312",5250,"51059",2014-12-22,2014-12-22,2014-12-23,26649748.4124855,891510.933752938,1,0,"PA_G1611G","PA",1611,"G","G","2014-2015","A/H3N2",1,0.947897530108,"HS1520","MH8445",1,"Synonymous"
"313",5254,"51073",2014-12-20,2014-12-20,2014-12-22,4522342.82269474,21881.0520421267,1,0,"PB1_T910A","PB1",910,"T","A","2014-2015","A/H3N2",0.340472493385,0.0421432505725,"HS1505","MH8391",2,"Synonymous"
"314",5254,"51073",2014-12-20,2014-12-20,2014-12-22,4522342.82269474,21881.0520421267,1,0,"PB1_T910T","PB1",910,"T","T","2014-2015","A/H3N2",0.659043348281,0.957481949884,"HS1505","MH8391",2,"Synonymous"
"315",5261,"51097",2014-12-18,2014-12-19,2014-12-19,356720.72525462,451734.567188031,1,0,"NP_G300A","NP",300,"G","A","2014-2015","A/H3N2",0.05031166427,0.0270648583852,"HS1500","MH8354",0,"Synonymous"
"316",5261,"51097",2014-12-18,2014-12-19,2014-12-19,356720.72525462,451734.567188031,1,0,"NP_G300G","NP",300,"G","G","2014-2015","A/H3N2",0.948327425786,0.970824358723,"HS1500","MH8354",0,"Synonymous"
"317",5261,"51097",2014-12-18,2014-12-19,2014-12-19,356720.72525462,451734.567188031,1,0,"NP_A1276A","NP",1276,"A","A","2014-2015","A/H3N2",0.974943304386,1,"HS1500","MH8354",0,"Synonymous"
"318",5261,"51097",2014-12-18,2014-12-19,2014-12-19,356720.72525462,451734.567188031,1,0,"NP_A1276G","NP",1276,"A","G","2014-2015","A/H3N2",0.0248815074902,0,"HS1500","MH8354",0,"Nonsynonymous"
"319",5261,"51097",2014-12-18,2014-12-19,2014-12-19,356720.72525462,451734.567188031,1,0,"NR_G700A","NR",700,"G","A","2014-2015","A/H3N2",0.0282006488645,0.0378279094117,"HS1500","MH8354",0,"Synonymous"
"320",5261,"51097",2014-12-18,2014-12-19,2014-12-19,356720.72525462,451734.567188031,1,0,"NR_G700G","NR",700,"G","G","2014-2015","A/H3N2",0.971466600116,0.961509743896,"HS1500","MH8354",0,"Synonymous"
"321",5261,"51097",2014-12-18,2014-12-19,2014-12-19,356720.72525462,451734.567188031,1,0,"PA_A2052A","PA",2052,"A","A","2014-2015","A/H3N2",0.954352850539,0.953286780641,"HS1500","MH8354",0,"Synonymous"
"322",5261,"51097",2014-12-18,2014-12-19,2014-12-19,356720.72525462,451734.567188031,1,0,"PA_A2052G","PA",2052,"A","G","2014-2015","A/H3N2",0.044689039701,0.0455709195935,"HS1500","MH8354",0,"Synonymous"
"323",5261,"51101",2014-12-21,2014-12-22,2014-12-22,300681.552869375,116603.211967698,1,0,"NS_G441A","NS",441,"G","A","2014-2015","A/H3N2",0.0227637263668,0.0214906940287,"HS1510","MH8424",0,"Nonsynonymous"
"324",5261,"51101",2014-12-21,2014-12-22,2014-12-22,300681.552869375,116603.211967698,1,0,"NS_G441G","NS",441,"G","G","2014-2015","A/H3N2",0.975900116144,0.977474132383,"HS1510","MH8424",0,"Synonymous"
"325",5261,"51101",2014-12-21,2014-12-22,2014-12-22,300681.552869375,116603.211967698,1,0,"NS_A729A","NS",729,"A","A","2014-2015","A/H3N2",0.527844391154,0.539855914478,"HS1510","MH8424",0,"Synonymous"
"326",5261,"51101",2014-12-21,2014-12-22,2014-12-22,300681.552869375,116603.211967698,1,0,"NS_A729G","NS",729,"A","G","2014-2015","A/H3N2",0.471282989773,0.458902519072,"HS1510","MH8424",0,"Synonymous"
"327",5261,"51101",2014-12-21,2014-12-22,2014-12-22,300681.552869375,116603.211967698,1,0,"PA_C258C","PA",258,"C","C","2014-2015","A/H3N2",0.542248028425,0.564929371651,"HS1510","MH8424",0,"Synonymous"
"328",5261,"51101",2014-12-21,2014-12-22,2014-12-22,300681.552869375,116603.211967698,1,0,"PA_C258T","PA",258,"C","T","2014-2015","A/H3N2",0.457058670595,0.434210292636,"HS1510","MH8424",0,"Synonymous"
"329",5261,"51101",2014-12-21,2014-12-22,2014-12-22,300681.552869375,116603.211967698,1,0,"PA_A1467A","PA",1467,"A","A","2014-2015","A/H3N2",0.46149376175,0.448453608247,"HS1510","MH8424",0,"Synonymous"
"330",5261,"51101",2014-12-21,2014-12-22,2014-12-22,300681.552869375,116603.211967698,1,0,"PA_A1467G","PA",1467,"A","G","2014-2015","A/H3N2",0.538096051957,0.550985342591,"HS1510","MH8424",0,"Synonymous"
"331",5261,"51101",2014-12-21,2014-12-22,2014-12-22,300681.552869375,116603.211967698,1,0,"PB1_A1621A","PB1",1621,"A","A","2014-2015","A/H3N2",0.963804080814,0.970337107077,"HS1510","MH8424",0,"Synonymous"
"332",5261,"51101",2014-12-21,2014-12-22,2014-12-22,300681.552869375,116603.211967698,1,0,"PB1_A1621G","PB1",1621,"A","G","2014-2015","A/H3N2",0.0356033123119,0.0289830648868,"HS1510","MH8424",0,"Nonsynonymous"
"333",5261,"51101",2014-12-21,2014-12-22,2014-12-22,300681.552869375,116603.211967698,1,0,"PB2_G484A","PB2",484,"G","A","2014-2015","A/H3N2",0.0380963841513,0.0436740299109,"HS1510","MH8424",0,"Nonsynonymous"
"334",5261,"51101",2014-12-21,2014-12-22,2014-12-22,300681.552869375,116603.211967698,1,0,"PB2_G484G","PB2",484,"G","G","2014-2015","A/H3N2",0.961440660303,0.955615027267,"HS1510","MH8424",0,"Synonymous"
"335",5261,"51101",2014-12-21,2014-12-22,2014-12-22,300681.552869375,116603.211967698,1,0,"PB2_T528C","PB2",528,"T","C","2014-2015","A/H3N2",0.0223344929805,0,"HS1510","MH8424",0,"Synonymous"
"336",5261,"51101",2014-12-21,2014-12-22,2014-12-22,300681.552869375,116603.211967698,1,0,"PB2_T528T","PB2",528,"T","T","2014-2015","A/H3N2",0.977306468717,1,"HS1510","MH8424",0,"Synonymous"
"337",5263,"51106",2014-12-06,2014-12-08,2014-12-09,133613.14638495,12891.8758595551,1,0,"HA_A459A","HA",459,"A","A","2014-2015","A/H3N2",1,0.888473691441,"HS1405","MH7860",1,"Synonymous"
"338",5263,"51106",2014-12-06,2014-12-08,2014-12-09,133613.14638495,12891.8758595551,1,0,"HA_A459G","HA",459,"A","G","2014-2015","A/H3N2",0,0.110522479152,"HS1405","MH7860",1,"Nonsynonymous"
"339",5263,"51106",2014-12-06,2014-12-08,2014-12-09,133613.14638495,12891.8758595551,1,0,"NP_T735C","NP",735,"T","C","2014-2015","A/H3N2",1,0.956441762931,"HS1405","MH7860",1,"Synonymous"
"340",5263,"51106",2014-12-06,2014-12-08,2014-12-09,133613.14638495,12891.8758595551,1,0,"NP_T735T","NP",735,"T","T","2014-2015","A/H3N2",0,0.0429205601746,"HS1405","MH7860",1,"Synonymous"
"341",5263,"51106",2014-12-06,2014-12-08,2014-12-09,133613.14638495,12891.8758595551,1,0,"NP_C1407A","NP",1407,"C","A","2014-2015","A/H3N2",0,0.0432148926624,"HS1405","MH7860",1,"Synonymous"
"342",5263,"51106",2014-12-06,2014-12-08,2014-12-09,133613.14638495,12891.8758595551,1,0,"NP_C1407G","NP",1407,"C","G","2014-2015","A/H3N2",1,0.9551025361,"HS1405","MH7860",1,"Synonymous"
"343",5263,"51106",2014-12-06,2014-12-08,2014-12-09,133613.14638495,12891.8758595551,1,0,"NR_T452C","NR",452,"T","C","2014-2015","A/H3N2",0,0.024604648721,"HS1405","MH7860",1,"Nonsynonymous"
"344",5263,"51106",2014-12-06,2014-12-08,2014-12-09,133613.14638495,12891.8758595551,1,0,"NR_T452T","NR",452,"T","T","2014-2015","A/H3N2",1,0.974823537065,"HS1405","MH7860",1,"Synonymous"
"345",5263,"51106",2014-12-06,2014-12-08,2014-12-09,133613.14638495,12891.8758595551,1,0,"NS_A140A","NS",140,"A","A","2014-2015","A/H3N2",1,0.965834428384,"HS1405","MH7860",1,"Synonymous"
"346",5263,"51106",2014-12-06,2014-12-08,2014-12-09,133613.14638495,12891.8758595551,1,0,"NS_A140G","NS",140,"A","G","2014-2015","A/H3N2",0,0.0329920540903,"HS1405","MH7860",1,"Synonymous"
"347",5263,"51106",2014-12-06,2014-12-08,2014-12-09,133613.14638495,12891.8758595551,1,0,"NS_T173A","NS",173,"T","A","2014-2015","A/H3N2",0,0.0310390335634,"HS1405","MH7860",1,"Synonymous"
"348",5263,"51106",2014-12-06,2014-12-08,2014-12-09,133613.14638495,12891.8758595551,1,0,"NS_T173T","NS",173,"T","T","2014-2015","A/H3N2",1,0.967622391262,"HS1405","MH7860",1,"Synonymous"
"349",5263,"51106",2014-12-06,2014-12-08,2014-12-09,133613.14638495,12891.8758595551,1,0,"NS_G233A","NS",233,"G","A","2014-2015","A/H3N2",1,0.966916354557,"HS1405","MH7860",1,"Synonymous"
"350",5263,"51106",2014-12-06,2014-12-08,2014-12-09,133613.14638495,12891.8758595551,1,0,"NS_G233G","NS",233,"G","G","2014-2015","A/H3N2",0,0.0322513524761,"HS1405","MH7860",1,"Synonymous"
"351",5263,"51106",2014-12-06,2014-12-08,2014-12-09,133613.14638495,12891.8758595551,1,0,"PB1_G650A","PB1",650,"G","A","2014-2015","A/H3N2",0,0.029230595902,"HS1405","MH7860",1,"Nonsynonymous"
"352",5263,"51106",2014-12-06,2014-12-08,2014-12-09,133613.14638495,12891.8758595551,1,0,"PB1_G650G","PB1",650,"G","G","2014-2015","A/H3N2",1,0.970360723025,"HS1405","MH7860",1,"Synonymous"
"353",5263,"51106",2014-12-06,2014-12-08,2014-12-09,133613.14638495,12891.8758595551,1,0,"PB1_C1109A","PB1",1109,"C","A","2014-2015","A/H3N2",1,0.972042377869,"HS1405","MH7860",1,"Synonymous"
"354",5263,"51106",2014-12-06,2014-12-08,2014-12-09,133613.14638495,12891.8758595551,1,0,"PB1_C1109C","PB1",1109,"C","C","2014-2015","A/H3N2",0,0.0268645421677,"HS1405","MH7860",1,"Synonymous"
"355",5322,"51359",2014-12-02,2014-12-07,2014-12-08,715985.296300135,18708.6299667928,1,0,"NP_A306A","NP",306,"A","A","2014-2015","A/H3N2",1,0.972412480974,"HS1387","MH7804",1,"Synonymous"
"356",5322,"51359",2014-12-02,2014-12-07,2014-12-08,715985.296300135,18708.6299667928,1,0,"NP_A306G","NP",306,"A","G","2014-2015","A/H3N2",0,0.0262084144851,"HS1387","MH7804",1,"Synonymous"
"357",5341,"51438",2014-12-07,2014-12-07,2014-12-08,238153.266798938,141146.054111149,1,0,"HA_T524C","HA",524,"T","C","2014-2015","A/H3N2",0.0588456364788,0.489384735077,"HS1390","MH7852",1,"Synonymous"
"358",5341,"51438",2014-12-07,2014-12-07,2014-12-08,238153.266798938,141146.054111149,1,0,"HA_T524T","HA",524,"T","T","2014-2015","A/H3N2",0.940688538962,0.509991180547,"HS1390","MH7852",1,"Synonymous"
"359",5341,"51438",2014-12-07,2014-12-07,2014-12-08,238153.266798938,141146.054111149,1,0,"HA_G638A","HA",638,"G","A","2014-2015","A/H3N2",0.213904415309,0.0359769154235,"HS1390","MH7852",1,"Synonymous"
"360",5341,"51438",2014-12-07,2014-12-07,2014-12-08,238153.266798938,141146.054111149,1,0,"HA_G638G","HA",638,"G","G","2014-2015","A/H3N2",0.785084637496,0.962913592002,"HS1390","MH7852",1,"Synonymous"
"361",5341,"51438",2014-12-07,2014-12-07,2014-12-08,238153.266798938,141146.054111149,1,0,"NP_A914A","NP",914,"A","A","2014-2015","A/H3N2",1,0.955950701783,"HS1390","MH7852",1,"Synonymous"
"362",5341,"51438",2014-12-07,2014-12-07,2014-12-08,238153.266798938,141146.054111149,1,0,"NP_A914G","NP",914,"A","G","2014-2015","A/H3N2",0,0.0432845476875,"HS1390","MH7852",1,"Nonsynonymous"
"363",5341,"51438",2014-12-07,2014-12-07,2014-12-08,238153.266798938,141146.054111149,1,0,"NS_T538C","NS",538,"T","C","2014-2015","A/H3N2",0.0487008376097,0.48757896261,"HS1390","MH7852",1,"Nonsynonymous"
"364",5341,"51438",2014-12-07,2014-12-07,2014-12-08,238153.266798938,141146.054111149,1,0,"NS_T538T","NS",538,"T","T","2014-2015","A/H3N2",0.950439288128,0.511474215538,"HS1390","MH7852",1,"Synonymous"
"365",5341,"51438",2014-12-07,2014-12-07,2014-12-08,238153.266798938,141146.054111149,1,0,"PA_C927C","PA",927,"C","C","2014-2015","A/H3N2",0.906827486998,0.921015043306,"HS1390","MH7852",1,"Synonymous"
"366",5341,"51438",2014-12-07,2014-12-07,2014-12-08,238153.266798938,141146.054111149,1,0,"PA_C927T","PA",927,"C","T","2014-2015","A/H3N2",0.0922304890917,0.0779471069765,"HS1390","MH7852",1,"Synonymous"
"367",5341,"51438",2014-12-07,2014-12-07,2014-12-08,238153.266798938,141146.054111149,1,0,"PB1_G430A","PB1",430,"G","A","2014-2015","A/H3N2",0.220772809253,0.0396486125248,"HS1390","MH7852",1,"Synonymous"
"368",5341,"51438",2014-12-07,2014-12-07,2014-12-08,238153.266798938,141146.054111149,1,0,"PB1_G430G","PB1",430,"G","G","2014-2015","A/H3N2",0.777876895629,0.957575497598,"HS1390","MH7852",1,"Synonymous"
