"","chr","pos","SPECID1","SPECID2","HOUSE_ID","ENROLLID","onset","collect1","collect2","gc_ul1","gc_ul2","home_collected1","home_collected2","mutation","ref","var","season","pcr_result","freq1","freq2","within_host_time","donor_class"
"1","HA",1011,"HS1376","MH7755",5033,"50141",2014-12-03,2014-12-04,2014-12-05,1099047.07427442,9328.66776540432,1,0,"HA_A1011A","A","A","2014-2015","A/H3N2",0.976126537408,1,1,"Synonymous"
"2","HA",1011,"HS1376","MH7755",5033,"50141",2014-12-03,2014-12-04,2014-12-05,1099047.07427442,9328.66776540432,1,0,"HA_A1011G","A","G","2014-2015","A/H3N2",0.0234583211453,0,1,"Nonsynonymous"
"3","HA",1019,"HS1516","MH8439",5109,"50468",2014-12-21,2014-12-21,2014-12-23,5295.87014994404,13961.6359922664,1,0,"HA_G1019A","G","A","2014-2015","A/H3N2",0.0451690779046,0,2,"Synonymous"
"4","HA",1019,"HS1516","MH8439",5109,"50468",2014-12-21,2014-12-21,2014-12-23,5295.87014994404,13961.6359922664,1,0,"HA_G1019G","G","G","2014-2015","A/H3N2",0.95445588521,1,2,"Synonymous"
"5","HA",140,"HS1335","MH7612",5073,"50319",2014-11-25,2014-11-25,2014-11-26,224616.057124778,654239.112547579,1,0,"HA_A140A","A","A","2014-2015","A/H3N2",0.972760794576,0.948812954577,1,"Synonymous"
"6","HA",140,"HS1335","MH7612",5073,"50319",2014-11-25,2014-11-25,2014-11-26,224616.057124778,654239.112547579,1,0,"HA_A140G","A","G","2014-2015","A/H3N2",0.0264987958706,0.0498634992657,1,"Synonymous"
"7","HA",1486,"HS1381","MH7800",5204,"50874",2014-12-05,2014-12-05,2014-12-06,1446.10996315801,21196.4885031859,1,0,"HA_A1486A","A","A","2014-2015","A/H3N2",0.894932393611,1,1,"Synonymous"
"8","HA",1486,"HS1381","MH7800",5204,"50874",2014-12-05,2014-12-05,2014-12-06,1446.10996315801,21196.4885031859,1,0,"HA_A1486T","A","T","2014-2015","A/H3N2",0.103900854115,0,1,"Nonsynonymous"
"9","HA",1670,"HS1340","MH7627",5048,"50207",2014-11-30,2014-11-30,2014-12-01,4350989.14626686,281214.85983637,1,0,"HA_G1670A","G","A","2014-2015","A/H3N2",0.0289438607466,0.0349313418453,1,"Synonymous"
"10","HA",1670,"HS1340","MH7627",5048,"50207",2014-11-30,2014-11-30,2014-12-01,4350989.14626686,281214.85983637,1,0,"HA_G1670G","G","G","2014-2015","A/H3N2",0.969830111306,0.964586846543,1,"Synonymous"
"11","HA",236,"HS1376","MH7755",5033,"50141",2014-12-03,2014-12-04,2014-12-05,1099047.07427442,9328.66776540432,1,0,"HA_C236A","C","A","2014-2015","A/H3N2",0.0251913260241,0,1,"Nonsynonymous"
"12","HA",236,"HS1376","MH7755",5033,"50141",2014-12-03,2014-12-04,2014-12-05,1099047.07427442,9328.66776540432,1,0,"HA_C236C","C","C","2014-2015","A/H3N2",0.973873196088,1,1,"Synonymous"
"13","HA",273,"HS1416","MH7890",5070,"50305",2014-12-05,2014-12-07,2014-12-10,31296.7324317693,93437.9191253739,1,0,"HA_C273C","C","C","2014-2015","A/H3N2",0.948241925382,1,3,"Synonymous"
"14","HA",273,"HS1416","MH7890",5070,"50305",2014-12-05,2014-12-07,2014-12-10,31296.7324317693,93437.9191253739,1,0,"HA_C273T","C","T","2014-2015","A/H3N2",0.0511608590998,0,3,"Synonymous"
"15","HA",418,"HS1595","MH8925",5234,"50993",2015-01-04,2015-01-06,2015-01-09,4840461.42881588,34583.56208775,1,0,"HA_C418C","C","C","2014-2015","A/H3N2",0.967664515292,1,3,"Synonymous"
"16","HA",418,"HS1595","MH8925",5234,"50993",2015-01-04,2015-01-06,2015-01-09,4840461.42881588,34583.56208775,1,0,"HA_C418T","C","T","2014-2015","A/H3N2",0.0315552982759,0,3,"Nonsynonymous"
"17","HA",491,"HS1566","MH8700",5039,"50167",2014-12-27,2014-12-28,2014-12-31,3225.36866342537,20695.5542972638,1,0,"HA_T491C","T","C","2014-2015","A/H3N2",0.287317227262,0,3,"Synonymous"
"18","HA",491,"HS1566","MH8700",5039,"50167",2014-12-27,2014-12-28,2014-12-31,3225.36866342537,20695.5542972638,1,0,"HA_T491T","T","T","2014-2015","A/H3N2",0.71178153446,1,3,"Synonymous"
"19","HA",524,"HS1390","MH7852",5341,"51438",2014-12-07,2014-12-07,2014-12-08,238153.266798938,141146.054111149,1,0,"HA_T524C","T","C","2014-2015","A/H3N2",0.0588456364788,0.489384735077,1,"Synonymous"
"20","HA",524,"HS1390","MH7852",5341,"51438",2014-12-07,2014-12-07,2014-12-08,238153.266798938,141146.054111149,1,0,"HA_T524T","T","T","2014-2015","A/H3N2",0.940688538962,0.509991180547,1,"Synonymous"
"21","HA",545,"HS1409","MH7886",5126,"50540",2014-12-06,2014-12-06,2014-12-09,9153.80335873375,2627.54866436138,1,0,"HA_C545C","C","C","2014-2015","A/H3N2",0.93121305512,0.817740306162,3,"Synonymous"
"22","HA",545,"HS1409","MH7886",5126,"50540",2014-12-06,2014-12-06,2014-12-09,9153.80335873375,2627.54866436138,1,0,"HA_C545T","C","T","2014-2015","A/H3N2",0.0680510202664,0.18189226088,3,"Synonymous"
"23","HA",638,"HS1390","MH7852",5341,"51438",2014-12-07,2014-12-07,2014-12-08,238153.266798938,141146.054111149,1,0,"HA_G638A","G","A","2014-2015","A/H3N2",0.213904415309,0.0359769154235,1,"Synonymous"
"24","HA",638,"HS1390","MH7852",5341,"51438",2014-12-07,2014-12-07,2014-12-08,238153.266798938,141146.054111149,1,0,"HA_G638G","G","G","2014-2015","A/H3N2",0.785084637496,0.962913592002,1,"Synonymous"
"25","HA",879,"HS1401","MH7855",5228,"50968",2014-12-06,2014-12-07,2014-12-08,59552.1759622025,2383.59539700922,1,0,"HA_A879A","A","A","2014-2015","A/H3N2",0.965413916688,1,1,"Synonymous"
"26","HA",879,"HS1401","MH7855",5228,"50968",2014-12-06,2014-12-07,2014-12-08,59552.1759622025,2383.59539700922,1,0,"HA_A879C","A","C","2014-2015","A/H3N2",0.0341160572648,0,1,"Nonsynonymous"
"27","HA",948,"HS1284","MH7455",5114,"50482",2014-11-19,2014-11-20,2014-11-20,143722.830467899,1273110.28189008,1,0,"HA_G948A","G","A","2014-2015","A/H3N2",0.048947720117,0,0,"Nonsynonymous"
"28","HA",948,"HS1284","MH7455",5114,"50482",2014-11-19,2014-11-20,2014-11-20,143722.830467899,1273110.28189008,1,0,"HA_G948G","G","G","2014-2015","A/H3N2",0.950401624965,1,0,"Synonymous"
"29","HA",995,"HS1256","MH7391",5129,"50553",2014-11-16,2014-11-16,2014-11-17,2828096.10866543,8010.33563290432,1,0,"HA_C995C","C","C","2014-2015","A/H3N2",0.960878953385,0.911618540293,1,"Synonymous"
"30","HA",995,"HS1256","MH7391",5129,"50553",2014-11-16,2014-11-16,2014-11-17,2828096.10866543,8010.33563290432,1,0,"HA_C995T","C","T","2014-2015","A/H3N2",0.0380427122411,0.087795844906,1,"Synonymous"
"31","HA",997,"HS1604","MH9045",5034,"50143",2015-01-11,2015-01-12,2015-01-13,409463.82903885,13777.0277415602,1,0,"HA_G997G","G","G","2014-2015","A/H3N2",0.118965758211,0.160588985754,1,"Nonsynonymous"
"32","HA",997,"HS1604","MH9045",5034,"50143",2015-01-11,2015-01-12,2015-01-13,409463.82903885,13777.0277415602,1,0,"HA_G997T","G","T","2014-2015","A/H3N2",0.880223619846,0.838587072082,1,"Synonymous"
"33","M",303,"HS1595","MH8925",5234,"50993",2015-01-04,2015-01-06,2015-01-09,4840461.42881588,34583.56208775,1,0,"M_T303C","T","C","2014-2015","A/H3N2",0.0309374082531,0,3,"Nonsynonymous"
"34","M",303,"HS1595","MH8925",5234,"50993",2015-01-04,2015-01-06,2015-01-09,4840461.42881588,34583.56208775,1,0,"M_T303T","T","T","2014-2015","A/H3N2",0.968531609776,1,3,"Synonymous"
"35","M",553,"HS1520","MH8445",5250,"51059",2014-12-22,2014-12-22,2014-12-23,26649748.4124855,891510.933752938,1,0,"M_G553A","G","A","2014-2015","A/H3N2",0.0897057347185,0.0328200308996,1,"Synonymous"
"36","M",553,"HS1520","MH8445",5250,"51059",2014-12-22,2014-12-22,2014-12-23,26649748.4124855,891510.933752938,1,0,"M_G553G","G","G","2014-2015","A/H3N2",0.909609735627,0.966482286316,1,"Synonymous"
"37","NP",1011,"HS1416","MH7890",5070,"50305",2014-12-05,2014-12-07,2014-12-10,31296.7324317693,93437.9191253739,1,0,"NP_A1011A","A","A","2014-2015","A/H3N2",0.272598938811,0.67699981639,3,"Synonymous"
"38","NP",1011,"HS1416","MH7890",5070,"50305",2014-12-05,2014-12-07,2014-12-10,31296.7324317693,93437.9191253739,1,0,"NP_A1011C","A","C","2014-2015","A/H3N2",0.726086744877,0.321690423285,3,"Synonymous"
"39","NP",1132,"HS1461","MH8155",5028,"50120",2014-12-15,2014-12-16,2014-12-16,65775.7564564245,279417.025440071,1,0,"NP_G1132A","G","A","2014-2015","A/H3N2",0.691004763832,0.668852354145,0,"Synonymous"
"40","NP",1132,"HS1461","MH8155",5028,"50120",2014-12-15,2014-12-16,2014-12-16,65775.7564564245,279417.025440071,1,0,"NP_G1132G","G","G","2014-2015","A/H3N2",0.308590466108,0.330987717503,0,"Nonsynonymous"
"41","NP",1276,"HS1500","MH8354",5261,"51097",2014-12-18,2014-12-19,2014-12-19,356720.72525462,451734.567188031,1,0,"NP_A1276A","A","A","2014-2015","A/H3N2",0.974943304386,1,0,"Synonymous"
"42","NP",1276,"HS1500","MH8354",5261,"51097",2014-12-18,2014-12-19,2014-12-19,356720.72525462,451734.567188031,1,0,"NP_A1276G","A","G","2014-2015","A/H3N2",0.0248815074902,0,0,"Nonsynonymous"
"43","NP",1334,"HS1417","MH7891",5078,"50331",2014-12-09,2014-12-09,2014-12-10,1105.33294512701,27992.2367742622,1,0,"NP_C1334C","C","C","2014-2015","A/H3N2",0.969717498814,0.944899103139,1,"Synonymous"
"44","NP",1334,"HS1417","MH7891",5078,"50331",2014-12-09,2014-12-09,2014-12-10,1105.33294512701,27992.2367742622,1,0,"NP_C1334T","C","T","2014-2015","A/H3N2",0.0293693096763,0.0545497547818,1,"Nonsynonymous"
"45","NP",207,"HS1336","MH7611",5073,"50318",2014-11-23,2014-11-23,2014-11-26,1971855.82345112,8499.4537113383,1,0,"NP_G207A","G","A","2014-2015","A/H3N2",0.975755873818,1,3,"Synonymous"
"46","NP",207,"HS1336","MH7611",5073,"50318",2014-11-23,2014-11-23,2014-11-26,1971855.82345112,8499.4537113383,1,0,"NP_G207G","G","G","2014-2015","A/H3N2",0.023682486193,0,3,"Synonymous"
"47","NP",273,"HS1284","MH7455",5114,"50482",2014-11-19,2014-11-20,2014-11-20,143722.830467899,1273110.28189008,1,0,"NP_T273C","T","C","2014-2015","A/H3N2",0.0732036364348,0.0351737311541,0,"Synonymous"
"48","NP",273,"HS1284","MH7455",5114,"50482",2014-11-19,2014-11-20,2014-11-20,143722.830467899,1273110.28189008,1,0,"NP_T273T","T","T","2014-2015","A/H3N2",0.925960637301,0.963857895818,0,"Synonymous"
"49","NP",300,"HS1500","MH8354",5261,"51097",2014-12-18,2014-12-19,2014-12-19,356720.72525462,451734.567188031,1,0,"NP_G300A","G","A","2014-2015","A/H3N2",0.05031166427,0.0270648583852,0,"Synonymous"
"50","NP",300,"HS1500","MH8354",5261,"51097",2014-12-18,2014-12-19,2014-12-19,356720.72525462,451734.567188031,1,0,"NP_G300G","G","G","2014-2015","A/H3N2",0.948327425786,0.970824358723,0,"Synonymous"
"51","NP",723,"HS1256","MH7391",5129,"50553",2014-11-16,2014-11-16,2014-11-17,2828096.10866543,8010.33563290432,1,0,"NP_T723C","T","C","2014-2015","A/H3N2",0.0353873297077,0.0536324531095,1,"Synonymous"
"52","NP",723,"HS1256","MH7391",5129,"50553",2014-11-16,2014-11-16,2014-11-17,2828096.10866543,8010.33563290432,1,0,"NP_T723T","T","T","2014-2015","A/H3N2",0.964169309855,0.94603284683,1,"Synonymous"
"53","NP",912,"HS1579","MH8766",5057,"50246",2015-01-01,2015-01-01,2015-01-05,44344.6289111341,168187.646394325,1,0,"NP_C912C","C","C","2014-2015","A/H3N2",0.975390417251,1,4,"Synonymous"
"54","NP",912,"HS1579","MH8766",5057,"50246",2015-01-01,2015-01-01,2015-01-05,44344.6289111341,168187.646394325,1,0,"NP_C912T","C","T","2014-2015","A/H3N2",0.0238459160993,0,4,"Synonymous"
"55","NP",942,"HS1421","MH7905",5245,"51046",2014-12-08,2014-12-09,2014-12-10,1813.03726188786,1624.18956305428,1,0,"NP_G942A","G","A","2014-2015","A/H3N2",0.208095813744,0.0977810655399,1,"Synonymous"
"56","NP",942,"HS1421","MH7905",5245,"51046",2014-12-08,2014-12-09,2014-12-10,1813.03726188786,1624.18956305428,1,0,"NP_G942G","G","G","2014-2015","A/H3N2",0.79084948102,0.900867037538,1,"Synonymous"
"57","NR",1099,"HS1531","MH8592",5098,"50418",2014-12-27,2014-12-28,2014-12-29,75379.7949599435,251821.707281717,1,0,"NR_G1099A","G","A","2014-2015","A/H3N2",0.960054771236,0.967942545338,1,"Synonymous"
"58","NR",1099,"HS1531","MH8592",5098,"50418",2014-12-27,2014-12-28,2014-12-29,75379.7949599435,251821.707281717,1,0,"NR_G1099C","G","C","2014-2015","A/H3N2",0.0364039850796,0.0305729417429,1,"Synonymous"
"59","NR",168,"HS1408","MH7884",5126,"50538",2014-12-08,2014-12-06,2014-12-09,331469.738190488,17044.0229788895,1,0,"NR_T168C","T","C","2014-2015","A/H3N2",0.0532737376178,0,3,"Nonsynonymous"
"60","NR",168,"HS1408","MH7884",5126,"50538",2014-12-08,2014-12-06,2014-12-09,331469.738190488,17044.0229788895,1,0,"NR_T168T","T","T","2014-2015","A/H3N2",0.946363856004,1,3,"Synonymous"
"61","NR",174,"HS1408","MH7884",5126,"50538",2014-12-08,2014-12-06,2014-12-09,331469.738190488,17044.0229788895,1,0,"NR_T174C","T","C","2014-2015","A/H3N2",0.0495013829969,0.103353285093,3,"Nonsynonymous"
"62","NR",174,"HS1408","MH7884",5126,"50538",2014-12-08,2014-12-06,2014-12-09,331469.738190488,17044.0229788895,1,0,"NR_T174T","T","T","2014-2015","A/H3N2",0.949069973428,0.893769017066,3,"Synonymous"
"63","NR",204,"HS1408","MH7884",5126,"50538",2014-12-08,2014-12-06,2014-12-09,331469.738190488,17044.0229788895,1,0,"NR_T204C","T","C","2014-2015","A/H3N2",0.0537203647876,0.105418555052,3,"Nonsynonymous"
"64","NR",204,"HS1408","MH7884",5126,"50538",2014-12-08,2014-12-06,2014-12-09,331469.738190488,17044.0229788895,1,0,"NR_T204T","T","T","2014-2015","A/H3N2",0.945148001221,0.893263757116,3,"Synonymous"
"65","NR",220,"HS1408","MH7884",5126,"50538",2014-12-08,2014-12-06,2014-12-09,331469.738190488,17044.0229788895,1,0,"NR_T220C","T","C","2014-2015","A/H3N2",0.0457585470085,0.0944041703999,3,"Synonymous"
"66","NR",220,"HS1408","MH7884",5126,"50538",2014-12-08,2014-12-06,2014-12-09,331469.738190488,17044.0229788895,1,0,"NR_T220T","T","T","2014-2015","A/H3N2",0.952399737015,0.905107110858,3,"Synonymous"
"67","NR",221,"HS1408","MH7884",5126,"50538",2014-12-08,2014-12-06,2014-12-09,331469.738190488,17044.0229788895,1,0,"NR_T221C","T","C","2014-2015","A/H3N2",0.0490578075375,0.1011110223,3,"Synonymous"
"68","NR",221,"HS1408","MH7884",5126,"50538",2014-12-08,2014-12-06,2014-12-09,331469.738190488,17044.0229788895,1,0,"NR_T221T","T","T","2014-2015","A/H3N2",0.94980620155,0.897849892095,3,"Synonymous"
"69","NR",249,"HS1408","MH7884",5126,"50538",2014-12-08,2014-12-06,2014-12-09,331469.738190488,17044.0229788895,1,0,"NR_T249C","T","C","2014-2015","A/H3N2",0.0589176907983,0.104666794699,3,"Nonsynonymous"
"70","NR",249,"HS1408","MH7884",5126,"50538",2014-12-08,2014-12-06,2014-12-09,331469.738190488,17044.0229788895,1,0,"NR_T249T","T","T","2014-2015","A/H3N2",0.940669214087,0.895141156136,3,"Synonymous"
"71","NR",501,"HS1381","MH7800",5204,"50874",2014-12-05,2014-12-05,2014-12-06,1446.10996315801,21196.4885031859,1,0,"NR_A501A","A","A","2014-2015","A/H3N2",0.966311176041,0.531832479031,1,"Synonymous"
"72","NR",501,"HS1381","MH7800",5204,"50874",2014-12-05,2014-12-05,2014-12-06,1446.10996315801,21196.4885031859,1,0,"NR_A501G","A","G","2014-2015","A/H3N2",0.0331706001001,0.467637282551,1,"Nonsynonymous"
"73","NR",700,"HS1500","MH8354",5261,"51097",2014-12-18,2014-12-19,2014-12-19,356720.72525462,451734.567188031,1,0,"NR_G700A","G","A","2014-2015","A/H3N2",0.0282006488645,0.0378279094117,0,"Synonymous"
"74","NR",700,"HS1500","MH8354",5261,"51097",2014-12-18,2014-12-19,2014-12-19,356720.72525462,451734.567188031,1,0,"NR_G700G","G","G","2014-2015","A/H3N2",0.971466600116,0.961509743896,0,"Synonymous"
"75","NS",169,"HS1408","MH7884",5126,"50538",2014-12-08,2014-12-06,2014-12-09,331469.738190488,17044.0229788895,1,0,"NS_A169A","A","A","2014-2015","A/H3N2",0.598071399261,0.615248540598,3,"Synonymous"
"76","NS",169,"HS1408","MH7884",5126,"50538",2014-12-08,2014-12-06,2014-12-09,331469.738190488,17044.0229788895,1,0,"NS_A169C","A","C","2014-2015","A/H3N2",0.399660203475,0.382374742032,3,"Nonsynonymous"
"77","NS",441,"HS1510","MH8424",5261,"51101",2014-12-21,2014-12-22,2014-12-22,300681.552869375,116603.211967698,1,0,"NS_G441A","G","A","2014-2015","A/H3N2",0.0227637263668,0.0214906940287,0,"Nonsynonymous"
"78","NS",441,"HS1510","MH8424",5261,"51101",2014-12-21,2014-12-22,2014-12-22,300681.552869375,116603.211967698,1,0,"NS_G441G","G","G","2014-2015","A/H3N2",0.975900116144,0.977474132383,0,"Synonymous"
"79","NS",453,"HS1474","MH8186",5249,"51055",2014-12-15,2014-12-15,2014-12-17,388359.824187841,10106.674906501,1,0,"NS_A453A","A","A","2014-2015","A/H3N2",0.850665023366,1,2,"Synonymous"
"80","NS",453,"HS1474","MH8186",5249,"51055",2014-12-15,2014-12-15,2014-12-17,388359.824187841,10106.674906501,1,0,"NS_A453G","A","G","2014-2015","A/H3N2",0.147829492147,0,2,"Nonsynonymous"
"81","NS",538,"HS1390","MH7852",5341,"51438",2014-12-07,2014-12-07,2014-12-08,238153.266798938,141146.054111149,1,0,"NS_T538C","T","C","2014-2015","A/H3N2",0.0487008376097,0.48757896261,1,"Nonsynonymous"
"82","NS",538,"HS1390","MH7852",5341,"51438",2014-12-07,2014-12-07,2014-12-08,238153.266798938,141146.054111149,1,0,"NS_T538T","T","T","2014-2015","A/H3N2",0.950439288128,0.511474215538,1,"Synonymous"
"83","NS",652,"HS1376","MH7755",5033,"50141",2014-12-03,2014-12-04,2014-12-05,1099047.07427442,9328.66776540432,1,0,"NS_A652A","A","A","2014-2015","A/H3N2",0.979178390546,1,1,"Synonymous"
"84","NS",652,"HS1376","MH7755",5033,"50141",2014-12-03,2014-12-04,2014-12-05,1099047.07427442,9328.66776540432,1,0,"NS_A652G","A","G","2014-2015","A/H3N2",0.0205565019974,0,1,"Nonsynonymous"
"85","NS",687,"HS1517","MH8442",5197,"50842",2014-12-22,2014-12-22,2014-12-23,753947.294546966,221313.744347473,1,0,"NS_G687A","G","A","2014-2015","A/H3N2",0.0681319007211,0.0292183267245,1,"Nonsynonymous"
"86","NS",687,"HS1517","MH8442",5197,"50842",2014-12-22,2014-12-22,2014-12-23,753947.294546966,221313.744347473,1,0,"NS_G687G","G","G","2014-2015","A/H3N2",0.930590191189,0.970265416085,1,"Synonymous"
"87","NS",729,"HS1510","MH8424",5261,"51101",2014-12-21,2014-12-22,2014-12-22,300681.552869375,116603.211967698,1,0,"NS_A729A","A","A","2014-2015","A/H3N2",0.527844391154,0.539855914478,0,"Synonymous"
"88","NS",729,"HS1510","MH8424",5261,"51101",2014-12-21,2014-12-22,2014-12-22,300681.552869375,116603.211967698,1,0,"NS_A729G","A","G","2014-2015","A/H3N2",0.471282989773,0.458902519072,0,"Synonymous"
"89","PA",1065,"HS1487","MH8308",5238,"51000",2014-12-16,2014-12-16,2014-12-18,17815.4093987506,4792.65263937886,1,0,"PA_T1065C","T","C","2014-2015","A/H3N2",0.0233691677076,0,2,"Synonymous"
"90","PA",1065,"HS1487","MH8308",5238,"51000",2014-12-16,2014-12-16,2014-12-18,17815.4093987506,4792.65263937886,1,0,"PA_T1065T","T","T","2014-2015","A/H3N2",0.975981972217,1,2,"Synonymous"
"91","PA",1467,"HS1510","MH8424",5261,"51101",2014-12-21,2014-12-22,2014-12-22,300681.552869375,116603.211967698,1,0,"PA_A1467A","A","A","2014-2015","A/H3N2",0.46149376175,0.448453608247,0,"Synonymous"
"92","PA",1467,"HS1510","MH8424",5261,"51101",2014-12-21,2014-12-22,2014-12-22,300681.552869375,116603.211967698,1,0,"PA_A1467G","A","G","2014-2015","A/H3N2",0.538096051957,0.550985342591,0,"Synonymous"
"93","PA",1701,"HS1313","MH7520",5143,"50620",2014-11-22,2014-11-22,2014-11-24,4292191.10137329,2839.40450937719,1,0,"PA_G1701A","G","A","2014-2015","A/H3N2",0.230503852869,0.523499257414,2,"Synonymous"
"94","PA",1701,"HS1313","MH7520",5143,"50620",2014-11-22,2014-11-22,2014-11-24,4292191.10137329,2839.40450937719,1,0,"PA_G1701G","G","G","2014-2015","A/H3N2",0.768498087673,0.475973745988,2,"Synonymous"
"95","PA",1701,"HS1327","MH7565",5143,"50619",2014-11-25,2014-11-25,2014-11-25,789642.406965391,232152.617532256,1,0,"PA_G1701A","G","A","2014-2015","A/H3N2",0.0395296954463,0.0461136587657,0,"Synonymous"
"96","PA",1701,"HS1327","MH7565",5143,"50619",2014-11-25,2014-11-25,2014-11-25,789642.406965391,232152.617532256,1,0,"PA_G1701G","G","G","2014-2015","A/H3N2",0.959534628643,0.95296559385,0,"Synonymous"
"97","PA",1795,"HS1595","MH8925",5234,"50993",2015-01-04,2015-01-06,2015-01-09,4840461.42881588,34583.56208775,1,0,"PA_A1795A","A","A","2014-2015","A/H3N2",0.897309668783,1,3,"Synonymous"
"98","PA",1795,"HS1595","MH8925",5234,"50993",2015-01-04,2015-01-06,2015-01-09,4840461.42881588,34583.56208775,1,0,"PA_A1795G","A","G","2014-2015","A/H3N2",0.102067566964,0,3,"Nonsynonymous"
"99","PA",2052,"HS1500","MH8354",5261,"51097",2014-12-18,2014-12-19,2014-12-19,356720.72525462,451734.567188031,1,0,"PA_A2052A","A","A","2014-2015","A/H3N2",0.954352850539,0.953286780641,0,"Synonymous"
"100","PA",2052,"HS1500","MH8354",5261,"51097",2014-12-18,2014-12-19,2014-12-19,356720.72525462,451734.567188031,1,0,"PA_A2052G","A","G","2014-2015","A/H3N2",0.044689039701,0.0455709195935,0,"Synonymous"
"101","PA",258,"HS1510","MH8424",5261,"51101",2014-12-21,2014-12-22,2014-12-22,300681.552869375,116603.211967698,1,0,"PA_C258C","C","C","2014-2015","A/H3N2",0.542248028425,0.564929371651,0,"Synonymous"
"102","PA",258,"HS1510","MH8424",5261,"51101",2014-12-21,2014-12-22,2014-12-22,300681.552869375,116603.211967698,1,0,"PA_C258T","C","T","2014-2015","A/H3N2",0.457058670595,0.434210292636,0,"Synonymous"
"103","PA",292,"HS1563","MH8688",5001,"50001",2014-12-25,2014-12-25,2014-12-31,106549.279906961,5136.8904129294,1,0,"PA_G292A","G","A","2014-2015","A/H3N2",0.088459720965,0,6,"Nonsynonymous"
"104","PA",292,"HS1563","MH8688",5001,"50001",2014-12-25,2014-12-25,2014-12-31,106549.279906961,5136.8904129294,1,0,"PA_G292G","G","G","2014-2015","A/H3N2",0.910545279846,1,6,"Synonymous"
"105","PA",519,"HS1351","MH7687",5228,"50969",2014-12-01,2014-12-01,2014-12-02,4256384.59000529,89830.6666256944,1,0,"PA_A519A","A","A","2014-2015","A/H3N2",0.973461732266,1,1,"Synonymous"
"106","PA",519,"HS1351","MH7687",5228,"50969",2014-12-01,2014-12-01,2014-12-02,4256384.59000529,89830.6666256944,1,0,"PA_A519G","A","G","2014-2015","A/H3N2",0.0259055480325,0,1,"Synonymous"
"107","PA",916,"HS1604","MH9045",5034,"50143",2015-01-11,2015-01-12,2015-01-13,409463.82903885,13777.0277415602,1,0,"PA_G916A","G","A","2014-2015","A/H3N2",0.0475818807204,0.0365481131744,1,"Nonsynonymous"
"108","PA",916,"HS1604","MH9045",5034,"50143",2015-01-11,2015-01-12,2015-01-13,409463.82903885,13777.0277415602,1,0,"PA_G916G","G","G","2014-2015","A/H3N2",0.951631046119,0.962740090263,1,"Synonymous"
"109","PA",927,"HS1390","MH7852",5341,"51438",2014-12-07,2014-12-07,2014-12-08,238153.266798938,141146.054111149,1,0,"PA_C927C","C","C","2014-2015","A/H3N2",0.906827486998,0.921015043306,1,"Synonymous"
"110","PA",927,"HS1390","MH7852",5341,"51438",2014-12-07,2014-12-07,2014-12-08,238153.266798938,141146.054111149,1,0,"PA_C927T","C","T","2014-2015","A/H3N2",0.0922304890917,0.0779471069765,1,"Synonymous"
"111","PB1",1204,"HS1427","MH7953",5191,"50812",2014-12-10,2014-12-10,2014-12-11,20993.5446866126,2189.55112854501,1,0,"PB1_A1204A","A","A","2014-2015","A/H3N2",0.975205778599,1,1,"Synonymous"
"112","PB1",1204,"HS1427","MH7953",5191,"50812",2014-12-10,2014-12-10,2014-12-11,20993.5446866126,2189.55112854501,1,0,"PB1_A1204G","A","G","2014-2015","A/H3N2",0.0245627983103,0,1,"Synonymous"
"113","PB1",1381,"HS1579","MH8766",5057,"50246",2015-01-01,2015-01-01,2015-01-05,44344.6289111341,168187.646394325,1,0,"PB1_T1381C","T","C","2014-2015","A/H3N2",0.220612391464,0.278668534015,4,"Synonymous"
"114","PB1",1381,"HS1579","MH8766",5057,"50246",2015-01-01,2015-01-01,2015-01-05,44344.6289111341,168187.646394325,1,0,"PB1_T1381T","T","T","2014-2015","A/H3N2",0.778983487026,0.721074269849,4,"Synonymous"
"115","PB1",1558,"HS1595","MH8925",5234,"50993",2015-01-04,2015-01-06,2015-01-09,4840461.42881588,34583.56208775,1,0,"PB1_G1558G","G","G","2014-2015","A/H3N2",0.974974224388,1,3,"Synonymous"
"116","PB1",1558,"HS1595","MH8925",5234,"50993",2015-01-04,2015-01-06,2015-01-09,4840461.42881588,34583.56208775,1,0,"PB1_G1558T","G","T","2014-2015","A/H3N2",0.0243697569459,0,3,"Synonymous"
"117","PB1",1621,"HS1510","MH8424",5261,"51101",2014-12-21,2014-12-22,2014-12-22,300681.552869375,116603.211967698,1,0,"PB1_A1621A","A","A","2014-2015","A/H3N2",0.963804080814,0.970337107077,0,"Synonymous"
"118","PB1",1621,"HS1510","MH8424",5261,"51101",2014-12-21,2014-12-22,2014-12-22,300681.552869375,116603.211967698,1,0,"PB1_A1621G","A","G","2014-2015","A/H3N2",0.0356033123119,0.0289830648868,0,"Nonsynonymous"
"119","PB1",1705,"HS1381","MH7800",5204,"50874",2014-12-05,2014-12-05,2014-12-06,1446.10996315801,21196.4885031859,1,0,"PB1_A1705A","A","A","2014-2015","A/H3N2",0.702750944981,0.538210589471,1,"Synonymous"
"120","PB1",1705,"HS1381","MH7800",5204,"50874",2014-12-05,2014-12-05,2014-12-06,1446.10996315801,21196.4885031859,1,0,"PB1_A1705G","A","G","2014-2015","A/H3N2",0.296343011523,0.461350779373,1,"Synonymous"
"121","PB1",1741,"HS1596","MH8922",5170,"50727",2015-01-08,2015-01-08,2015-01-09,492958.78235852,81281.9233428816,1,0,"PB1_G1741A","G","A","2014-2015","A/H3N2",0.0267897579618,0.0245798938441,1,"Synonymous"
"122","PB1",1741,"HS1596","MH8922",5170,"50727",2015-01-08,2015-01-08,2015-01-09,492958.78235852,81281.9233428816,1,0,"PB1_G1741G","G","G","2014-2015","A/H3N2",0.972632731253,0.973605854151,1,"Synonymous"
"123","PB1",1798,"HS1381","MH7800",5204,"50874",2014-12-05,2014-12-05,2014-12-06,1446.10996315801,21196.4885031859,1,0,"PB1_G1798A","G","A","2014-2015","A/H3N2",0.820306948984,0.556361093733,1,"Synonymous"
"124","PB1",1798,"HS1381","MH7800",5204,"50874",2014-12-05,2014-12-05,2014-12-06,1446.10996315801,21196.4885031859,1,0,"PB1_G1798G","G","G","2014-2015","A/H3N2",0.178816730614,0.443234092666,1,"Synonymous"
"125","PB1",1822,"HS1256","MH7391",5129,"50553",2014-11-16,2014-11-16,2014-11-17,2828096.10866543,8010.33563290432,1,0,"PB1_G1822A","G","A","2014-2015","A/H3N2",0.0374481830523,0.0208268208572,1,"Synonymous"
"126","PB1",1822,"HS1256","MH7391",5129,"50553",2014-11-16,2014-11-16,2014-11-17,2828096.10866543,8010.33563290432,1,0,"PB1_G1822G","G","G","2014-2015","A/H3N2",0.961405602311,0.978350247203,1,"Synonymous"
"127","PB1",1900,"HS1531","MH8592",5098,"50418",2014-12-27,2014-12-28,2014-12-29,75379.7949599435,251821.707281717,1,0,"PB1_G1900A","G","A","2014-2015","A/H3N2",0.0282897855058,0,1,"Synonymous"
"128","PB1",1900,"HS1531","MH8592",5098,"50418",2014-12-27,2014-12-28,2014-12-29,75379.7949599435,251821.707281717,1,0,"PB1_G1900G","G","G","2014-2015","A/H3N2",0.970804734905,1,1,"Synonymous"
"129","PB1",430,"HS1390","MH7852",5341,"51438",2014-12-07,2014-12-07,2014-12-08,238153.266798938,141146.054111149,1,0,"PB1_G430A","G","A","2014-2015","A/H3N2",0.220772809253,0.0396486125248,1,"Synonymous"
"130","PB1",430,"HS1390","MH7852",5341,"51438",2014-12-07,2014-12-07,2014-12-08,238153.266798938,141146.054111149,1,0,"PB1_G430G","G","G","2014-2015","A/H3N2",0.777876895629,0.957575497598,1,"Synonymous"
"131","PB1",463,"HS1427","MH7953",5191,"50812",2014-12-10,2014-12-10,2014-12-11,20993.5446866126,2189.55112854501,1,0,"PB1_C463C","C","C","2014-2015","A/H3N2",0.912823964995,0.924696473309,1,"Synonymous"
"132","PB1",463,"HS1427","MH7953",5191,"50812",2014-12-10,2014-12-10,2014-12-11,20993.5446866126,2189.55112854501,1,0,"PB1_C463T","C","T","2014-2015","A/H3N2",0.0868394479973,0.0748051062923,1,"Synonymous"
"133","PB1",530,"HS1381","MH7800",5204,"50874",2014-12-05,2014-12-05,2014-12-06,1446.10996315801,21196.4885031859,1,0,"PB1_G530A","G","A","2014-2015","A/H3N2",0.25351760292,0.473359560691,1,"Nonsynonymous"
"134","PB1",530,"HS1381","MH7800",5204,"50874",2014-12-05,2014-12-05,2014-12-06,1446.10996315801,21196.4885031859,1,0,"PB1_G530G","G","G","2014-2015","A/H3N2",0.745889809237,0.526123263376,1,"Synonymous"
"135","PB1",877,"HS1336","MH7611",5073,"50318",2014-11-23,2014-11-23,2014-11-26,1971855.82345112,8499.4537113383,1,0,"PB1_A877A","A","A","2014-2015","A/H3N2",0.978369781312,1,3,"Synonymous"
"136","PB1",877,"HS1336","MH7611",5073,"50318",2014-11-23,2014-11-23,2014-11-26,1971855.82345112,8499.4537113383,1,0,"PB1_A877G","A","G","2014-2015","A/H3N2",0.0208654028168,0,3,"Synonymous"
"137","PB1",910,"HS1505","MH8391",5254,"51073",2014-12-20,2014-12-20,2014-12-22,4522342.82269474,21881.0520421267,1,0,"PB1_T910A","T","A","2014-2015","A/H3N2",0.340472493385,0.0421432505725,2,"Synonymous"
"138","PB1",910,"HS1505","MH8391",5254,"51073",2014-12-20,2014-12-20,2014-12-22,4522342.82269474,21881.0520421267,1,0,"PB1_T910T","T","T","2014-2015","A/H3N2",0.659043348281,0.957481949884,2,"Synonymous"
"139","PB1",985,"HS1336","MH7611",5073,"50318",2014-11-23,2014-11-23,2014-11-26,1971855.82345112,8499.4537113383,1,0,"PB1_A985A","A","A","2014-2015","A/H3N2",0.941019740826,1,3,"Synonymous"
"140","PB1",985,"HS1336","MH7611",5073,"50318",2014-11-23,2014-11-23,2014-11-26,1971855.82345112,8499.4537113383,1,0,"PB1_A985C","A","C","2014-2015","A/H3N2",0.0579359438968,0,3,"Synonymous"
"141","PB2",1085,"HS1604","MH9045",5034,"50143",2015-01-11,2015-01-12,2015-01-13,409463.82903885,13777.0277415602,1,0,"PB2_G1085A","G","A","2014-2015","A/H3N2",0.0371576898886,0.0598420993163,1,"Nonsynonymous"
"142","PB2",1085,"HS1604","MH9045",5034,"50143",2015-01-11,2015-01-12,2015-01-13,409463.82903885,13777.0277415602,1,0,"PB2_G1085G","G","G","2014-2015","A/H3N2",0.962348905586,0.93941894298,1,"Synonymous"
"143","PB2",1099,"HS1563","MH8688",5001,"50001",2014-12-25,2014-12-25,2014-12-31,106549.279906961,5136.8904129294,1,0,"PB2_G1099A","G","A","2014-2015","A/H3N2",0.0999685429417,0,6,"Nonsynonymous"
"144","PB2",1099,"HS1563","MH8688",5001,"50001",2014-12-25,2014-12-25,2014-12-31,106549.279906961,5136.8904129294,1,0,"PB2_G1099G","G","G","2014-2015","A/H3N2",0.89923195999,1,6,"Synonymous"
"145","PB2",1099,"HS1595","MH8925",5234,"50993",2015-01-04,2015-01-06,2015-01-09,4840461.42881588,34583.56208775,1,0,"PB2_G1099A","G","A","2014-2015","A/H3N2",0.0383825176499,0,3,"Nonsynonymous"
"146","PB2",1099,"HS1595","MH8925",5234,"50993",2015-01-04,2015-01-06,2015-01-09,4840461.42881588,34583.56208775,1,0,"PB2_G1099G","G","G","2014-2015","A/H3N2",0.961023714487,1,3,"Synonymous"
"147","PB2",1893,"HS1340","MH7627",5048,"50207",2014-11-30,2014-11-30,2014-12-01,4350989.14626686,281214.85983637,1,0,"PB2_A1893A","A","A","2014-2015","A/H3N2",0.943163212799,1,1,"Synonymous"
"148","PB2",1893,"HS1340","MH7627",5048,"50207",2014-11-30,2014-11-30,2014-12-01,4350989.14626686,281214.85983637,1,0,"PB2_A1893T","A","T","2014-2015","A/H3N2",0.0552275151719,0,1,"Synonymous"
"149","PB2",2055,"HS1284","MH7455",5114,"50482",2014-11-19,2014-11-20,2014-11-20,143722.830467899,1273110.28189008,1,0,"PB2_T2055C","T","C","2014-2015","A/H3N2",0.0575796758126,0,0,"Synonymous"
"150","PB2",2055,"HS1284","MH7455",5114,"50482",2014-11-19,2014-11-20,2014-11-20,143722.830467899,1273110.28189008,1,0,"PB2_T2055T","T","T","2014-2015","A/H3N2",0.942040492259,1,0,"Synonymous"
"151","PB2",2113,"HS1461","MH8155",5028,"50120",2014-12-15,2014-12-16,2014-12-16,65775.7564564245,279417.025440071,1,0,"PB2_A2113A","A","A","2014-2015","A/H3N2",0.669721998388,0.666053527085,0,"Synonymous"
"152","PB2",2113,"HS1461","MH8155",5028,"50120",2014-12-15,2014-12-16,2014-12-16,65775.7564564245,279417.025440071,1,0,"PB2_A2113G","A","G","2014-2015","A/H3N2",0.32950278905,0.333314318553,0,"Nonsynonymous"
"153","PB2",212,"HS1381","MH7800",5204,"50874",2014-12-05,2014-12-05,2014-12-06,1446.10996315801,21196.4885031859,1,0,"PB2_G212A","G","A","2014-2015","A/H3N2",0.302404459968,0.470121801684,1,"Nonsynonymous"
"154","PB2",212,"HS1381","MH7800",5204,"50874",2014-12-05,2014-12-05,2014-12-06,1446.10996315801,21196.4885031859,1,0,"PB2_G212G","G","G","2014-2015","A/H3N2",0.696233691639,0.528897245157,1,"Synonymous"
"155","PB2",484,"HS1510","MH8424",5261,"51101",2014-12-21,2014-12-22,2014-12-22,300681.552869375,116603.211967698,1,0,"PB2_G484A","G","A","2014-2015","A/H3N2",0.0380963841513,0.0436740299109,0,"Nonsynonymous"
"156","PB2",484,"HS1510","MH8424",5261,"51101",2014-12-21,2014-12-22,2014-12-22,300681.552869375,116603.211967698,1,0,"PB2_G484G","G","G","2014-2015","A/H3N2",0.961440660303,0.955615027267,0,"Synonymous"
"157","PB2",528,"HS1510","MH8424",5261,"51101",2014-12-21,2014-12-22,2014-12-22,300681.552869375,116603.211967698,1,0,"PB2_T528C","T","C","2014-2015","A/H3N2",0.0223344929805,0,0,"Synonymous"
"158","PB2",528,"HS1510","MH8424",5261,"51101",2014-12-21,2014-12-22,2014-12-22,300681.552869375,116603.211967698,1,0,"PB2_T528T","T","T","2014-2015","A/H3N2",0.977306468717,1,0,"Synonymous"
"159","PB2",880,"HS1335","MH7612",5073,"50319",2014-11-25,2014-11-25,2014-11-26,224616.057124778,654239.112547579,1,0,"PB2_C880C","C","C","2014-2015","A/H3N2",0.963082296968,1,1,"Synonymous"
"160","PB2",880,"HS1335","MH7612",5073,"50319",2014-11-25,2014-11-25,2014-11-26,224616.057124778,654239.112547579,1,0,"PB2_C880T","C","T","2014-2015","A/H3N2",0.0360841803356,0,1,"Nonsynonymous"
