"","SPECID","X","HOUSE_ID","ENROLLID","onset","collect","vaccination_status","pcr_result","LAURING_ID","DPI","season","log_copy_num","gc_ul","HIGHSD","sequenced","home_collected","snv_qualified","iSNV","HA_iSNV"
"1","HS1250",351,5147,"50628",2014-11-10,2014-11-10,1,"A/H3N2","HS1250",0,"2014-2015",7.60084723189153,2849175.46728811,"N",TRUE,1,TRUE,1,0
"2","HS1253",354,5147,"50632",2014-11-13,2014-11-13,1,"A/H3N2","HS1253",0,"2014-2015",8.31080293929343,14610830.5361565,"N",TRUE,1,TRUE,0,0
"3","HS1255",266,5040,"50169",2014-11-13,2014-11-16,0,"A/H3N2","HS1255",3,"2014-2015",6.34260117595124,157207.456166429,"N",TRUE,1,TRUE,2,0
"4","HS1256",339,5129,"50553",2014-11-16,2014-11-16,0,"A/H3N2","HS1256",0,"2014-2015",7.59762219990983,2828096.10866543,"N",TRUE,1,TRUE,3,1
"5","HS1284",329,5114,"50482",2014-11-19,2014-11-20,1,"A/H3N2","HS1284",1,"2014-2015",6.30365379726182,143722.830467899,"N",TRUE,1,TRUE,3,1
"6","HS1294",352,5147,"50630",2014-11-18,2014-11-19,1,"A/H3N2","HS1294",1,"2014-2015",4.3618322336727,1643.25210769416,"N",TRUE,1,TRUE,2,2
"7","HS1313",349,5143,"50620",2014-11-22,2014-11-22,0,"A/H3N2","HS1313",0,"2014-2015",7.7788070855109,4292191.10137329,"N",TRUE,1,TRUE,1,0
"8","HS1327",348,5143,"50619",2014-11-25,2014-11-25,0,"A/H3N2","HS1327",0,"2014-2015",7.04355849932224,789642.406965391,"N",TRUE,1,TRUE,1,0
"9","HS1328",346,5143,"50618",2014-11-24,2014-11-25,0,"A/H3N2","HS1328",1,"2014-2015",6.73673489697025,389589.15713512,"N",TRUE,1,TRUE,0,0
"10","HS1335",292,5073,"50319",2014-11-25,2014-11-25,1,"A/H3N2","HS1335",0,"2014-2015",6.49756883511669,224616.057124778,"N",TRUE,1,TRUE,2,1
"11","HS1336",290,5073,"50318",2014-11-23,2014-11-23,1,"A/H3N2","HS1336",0,"2014-2015",7.44100319305389,1971855.82345112,"N",TRUE,1,TRUE,3,0
"12","HS1340",272,5048,"50207",2014-11-30,2014-11-30,0,"A/H3N2","HS1340",0,"2014-2015",7.78471603560569,4350989.14626686,"N",TRUE,1,TRUE,2,1
"13","HS1341",392,5195,"50832",2014-11-30,2014-11-30,1,"A/H3N2","HS1341",0,"2014-2015",5.76987609430991,42048.2628731935,"N",TRUE,1,TRUE,3,0
"14","HS1342",315,5101,"50429",2014-11-27,2014-11-27,0,"A/H3N2","HS1342",0,"2014-2015",8.147691213515,10036058.3542358,"N",TRUE,1,TRUE,2,0
"15","HS1345",287,5070,"50307",2014-11-29,2014-11-30,0,"A/H3N2","HS1345",1,"2014-2015",5.05806596089316,8164.65663560268,"N",TRUE,1,TRUE,1,0
"16","HS1349",376,5181,"50769",2014-11-29,2014-11-30,0,"A/H3N2","HS1349",1,"2014-2015",7.25263551273067,1277931.21094279,"N",TRUE,1,TRUE,4,0
"17","HS1351",416,5228,"50969",2014-12-01,2014-12-01,0,"A/H3N2","HS1351",0,"2014-2015",7.77516889786255,4256384.59000529,"N",TRUE,1,TRUE,1,0
"18","HS1357",364,5168,"50717",2014-11-29,2014-11-30,1,"A/H3N2","HS1357",1,"2014-2015",5.32272352077918,15017.4254643579,"N",TRUE,1,TRUE,0,0
"19","HS1364",454,5263,"51105",2014-12-01,2014-12-01,1,"A/H3N2","HS1364",0,"2014-2015",4.23054939471301,1214.56666984432,"N",TRUE,1,TRUE,1,0
"20","HS1367",489,5336,"51416",2014-11-25,2014-11-25,1,"A/H3N2","HS1367",0,"2014-2015",7.04655499017185,795109.522037604,"N",TRUE,1,TRUE,1,0
"21","HS1369",289,5073,"50316",2014-11-30,2014-11-30,1,"A/H3N2","HS1369",0,"2014-2015",6.39435064291427,177101.649935946,"N",TRUE,1,TRUE,3,0
"22","HS1375",391,5195,"50830",2014-12-04,2014-12-05,1,"A/H3N2","HS1375",1,"2014-2015",4.15463701821335,1019.78585210983,"N",TRUE,1,TRUE,2,0
"23","HS1376",251,5033,"50141",2014-12-03,2014-12-04,1,"A/H3N2","HS1376",1,"2014-2015",7.18714433015795,1099047.07427442,"N",TRUE,1,TRUE,3,2
"24","HS1377",294,5074,"50322",2014-12-03,2014-12-03,1,"A/H3N2","HS1377",0,"2014-2015",4.48483923290208,2181.27889431404,"N",TRUE,1,TRUE,0,0
"25","HS1381",402,5204,"50874",2014-12-05,2014-12-05,1,"A/H3N2","HS1381",0,"2014-2015",4.30632935393203,1446.10996315801,"N",TRUE,1,TRUE,6,1
"26","HS1385",360,5158,"50678",2014-12-05,2014-12-05,1,"A/H3N2","HS1385",0,"2014-2015",8.58734523882211,27619588.4580095,"N",TRUE,1,TRUE,0,0
"27","HS1387",486,5322,"51359",2014-12-02,2014-12-07,0,"A/H3N2","HS1387",5,"2014-2015",7.00103213926922,715985.296300135,"N",TRUE,1,TRUE,0,0
"28","HS1388",313,5101,"50428",2014-12-07,2014-12-07,0,"A/H3N2","HS1388",0,"2014-2015",6.63296349531457,306785.945382733,"N",TRUE,1,TRUE,1,0
"29","HS1390",490,5341,"51438",2014-12-07,2014-12-07,1,"A/H3N2","HS1390",0,"2014-2015",6.52298457887635,238153.266798938,"N",TRUE,1,TRUE,5,2
"30","HS1391",492,5341,"51439",2014-12-06,2014-12-06,1,"A/H3N2","HS1391",0,"2014-2015",7.82821767226067,4809386.01942255,"Y",TRUE,1,TRUE,0,0
"31","HS1392",411,5219,"50935",2014-12-05,2014-12-05,0,"A/H3N2","HS1392",0,"2014-2015",8.04392808919098,7903146.88245179,"N",TRUE,1,TRUE,0,0
"32","HS1393",281,5061,"50261",2014-12-06,2014-12-07,1,"A/H3N2","HS1393",1,"2014-2015",6.56886774736604,264691.327274099,"N",TRUE,1,TRUE,0,0
"33","HS1394",234,5002,"50006",2014-12-07,2014-12-07,0,"A/H3N2","HS1394",0,"2014-2015",7.08906098064621,876865.422742531,"N",TRUE,1,TRUE,0,0
"34","HS1401",414,5228,"50968",2014-12-06,2014-12-07,1,"A/H3N2","HS1401",1,"2014-2015",5.92102567036542,59552.1759622025,"N",TRUE,1,TRUE,1,1
"35","HS1402",413,5228,"50967",2014-12-04,2014-12-04,1,"A/H3N2","HS1402",0,"2014-2015",5.70201678200336,35965.7189592646,"N",TRUE,1,TRUE,0,0
"36","HS1405",456,5263,"51106",2014-12-06,2014-12-08,1,"A/H3N2","HS1405",2,"2014-2015",6.27197722676352,133613.14638495,"N",TRUE,1,TRUE,0,0
"37","HS1408",330,5126,"50538",2014-12-08,2014-12-06,1,"A/H3N2","HS1408",-2,"2014-2015",6.66657192094755,331469.738190488,"N",TRUE,1,TRUE,7,0
"38","HS1409",334,5126,"50540",2014-12-06,2014-12-06,1,"A/H3N2","HS1409",0,"2014-2015",5.10772961439065,9153.80335873375,"N",TRUE,1,TRUE,1,1
"39","HS1413",274,5053,"50230",2014-12-05,2014-12-05,0,"A/H3N2","HS1413",0,"2014-2015",6.46030699504674,206147.921030916,"N",TRUE,1,TRUE,2,0
"40","HS1416",285,5070,"50305",2014-12-05,2014-12-07,0,"A/H3N2","HS1416",2,"2014-2015",5.6416270326199,31296.7324317693,"N",TRUE,1,TRUE,2,1
"41","HS1417",299,5078,"50331",2014-12-09,2014-12-09,0,"A/H3N2","HS1417",0,"2014-2015",4.18962115030735,1105.33294512701,"N",TRUE,1,TRUE,1,0
"42","HS1421",431,5245,"51046",2014-12-08,2014-12-09,1,"A/H3N2","HS1421",1,"2014-2015",4.40453476556855,1813.03726188786,"N",TRUE,1,TRUE,1,0
"43","HS1425",459,5269,"51132",2014-12-06,2014-12-08,1,"A/H3N2","HS1425",2,"2014-2015",5.37419656482066,16907.0769443318,"N",TRUE,1,TRUE,2,1
"44","HS1427",388,5191,"50812",2014-12-10,2014-12-10,1,"A/H3N2","HS1427",0,"2014-2015",5.4682138095567,20993.5446866126,"Y",TRUE,1,TRUE,2,0
"45","HS1445",485,5317,"51336",2014-12-15,2014-12-15,0,"A/H3N2","HS1445",0,"2014-2015",6.3212616235257,149669.596506264,"N",TRUE,1,TRUE,1,0
"46","HS1448",276,5053,"50232",2014-12-12,2014-12-13,1,"A/H3N2","HS1448",1,"2014-2015",5.39507015416111,17739.5303778508,"N",TRUE,1,TRUE,0,0
"47","HS1450",471,5289,"51220",2014-12-13,2014-12-12,1,"A/H3N2","HS1450",-1,"2014-2015",7.3165263454691,1480465.56313596,"N",TRUE,1,TRUE,2,1
"48","HS1455",358,5158,"50677",2014-12-13,2014-12-13,1,"A/H3N2","HS1455",0,"2014-2015",6.12745284464159,95791.0224778297,"N",TRUE,1,TRUE,5,1
"49","HS1457",446,5258,"51096",2014-12-13,2014-12-13,1,"A/H3N2","HS1457",0,"2014-2015",6.0911846798207,88116.3793907736,"N",TRUE,1,TRUE,1,0
"50","HS1460",386,5191,"50809",2014-12-14,2014-12-15,1,"A/H3N2","HS1460",1,"2014-2015",6.59006713025491,277932.346832683,"N",TRUE,1,TRUE,0,0
"51","HS1461",247,5028,"50120",2014-12-15,2014-12-16,1,"A/H3N2","HS1461",1,"2014-2015",5.96419388708382,65775.7564564245,"N",TRUE,1,TRUE,2,0
"52","HS1463",380,5185,"50785",2014-12-14,2014-12-15,1,"A/H3N2","HS1463",1,"2014-2015",6.3410647738078,156652.286461899,"N",TRUE,1,TRUE,0,0
"53","HS1465",378,5185,"50784",2014-12-15,2014-12-15,1,"A/H3N2","HS1465",0,"2014-2015",5.51981314383303,23642.0487303956,"N",TRUE,1,TRUE,0,0
"54","HS1473",433,5249,"51054",2014-12-15,2014-12-15,1,"A/H3N2","HS1473",0,"2014-2015",7.06920300207406,837673.865983232,"N",TRUE,1,TRUE,2,1
"55","HS1474",435,5249,"51055",2014-12-15,2014-12-15,1,"A/H3N2","HS1474",0,"2014-2015",6.73536233148681,388359.824187841,"N",TRUE,1,TRUE,1,0
"56","HS1484",258,5035,"50150",2014-12-18,2014-12-18,1,"A/H3N2","HS1484",0,"2014-2015",4.76670916231836,4174.27567066476,"N",TRUE,1,TRUE,0,0
"57","HS1487",426,5238,"51000",2014-12-16,2014-12-16,1,"A/H3N2","HS1487",0,"2014-2015",5.3969238425828,17815.4093987506,"N",TRUE,1,TRUE,1,0
"58","HS1500",449,5261,"51097",2014-12-18,2014-12-19,1,"A/H3N2","HS1500",1,"2014-2015",6.69845637799175,356720.72525462,"N",TRUE,1,TRUE,4,0
"59","HS1505",443,5254,"51073",2014-12-20,2014-12-20,1,"A/H3N2","HS1505",0,"2014-2015",7.80149151725264,4522342.82269474,"N",TRUE,1,TRUE,1,0
"60","HS1507",342,5130,"50558",2014-12-20,2014-12-21,1,"A/H3N2","HS1507",1,"2014-2015",7.42942051713723,1919961.32914157,"N",TRUE,1,TRUE,3,0
"61","HS1509",398,5200,"50851",2014-12-20,2014-12-20,1,"A/H3N2","HS1509",0,"2014-2015",6.21584002219216,117411.864989997,"N",TRUE,1,TRUE,0,0
"62","HS1510",453,5261,"51101",2014-12-21,2014-12-22,0,"A/H3N2","HS1510",1,"2014-2015",6.62423482017121,300681.552869375,"N",TRUE,1,TRUE,7,0
"63","HS1516",323,5109,"50468",2014-12-21,2014-12-21,0,"A/H3N2","HS1516",0,"2014-2015",4.87006536372353,5295.87014994404,"N",TRUE,1,TRUE,1,1
"64","HS1517",394,5197,"50842",2014-12-22,2014-12-22,1,"A/H3N2","HS1517",0,"2014-2015",7.02346902281132,753947.294546966,"N",TRUE,1,TRUE,1,0
"65","HS1518",437,5250,"51057",2014-12-22,2014-12-22,1,"A/H3N2","HS1518",0,"2014-2015",4.33785142725352,1554.9749301629,"N",TRUE,1,TRUE,1,0
"66","HS1519",439,5250,"51058",2014-12-20,2014-12-20,1,"A/H3N2","HS1519",0,"2014-2015",5.94804024157464,63374.1585294298,"N",TRUE,1,TRUE,1,0
"67","HS1520",441,5250,"51059",2014-12-22,2014-12-22,1,"A/H3N2","HS1520",0,"2014-2015",8.57182114909392,26649748.4124855,"N",TRUE,1,TRUE,1,0
"68","HS1525",374,5180,"50767",2014-12-19,2014-12-19,0,"A/H3N2","HS1525",0,"2014-2015",4.5047889158999,2283.814785262,"N",TRUE,1,TRUE,0,0
"69","HS1530",311,5098,"50419",2014-12-22,2014-12-26,1,"A/H3N2","HS1530",4,"2014-2015",5.21081713232294,11606.1745188652,"N",TRUE,1,TRUE,57,8
"70","HS1531",309,5098,"50418",2014-12-27,2014-12-28,1,"A/H3N2","HS1531",1,"2014-2015",6.02338298747203,75379.7949599435,"N",TRUE,1,TRUE,2,0
"71","HS1532",356,5158,"50676",2014-12-23,2014-12-23,1,"A/H3N2","HS1532",0,"2014-2015",4.74466117603231,3967.64804297726,"N",TRUE,1,TRUE,0,0
"72","HS1535",463,5270,"51138",2014-12-26,2014-12-26,0,"A/H3N2","HS1535",0,"2014-2015",5.4775364831255,21449.0690559765,"N",TRUE,1,TRUE,2,0
"73","HS1536",461,5270,"51137",2014-12-27,2014-12-27,1,"A/H3N2","HS1536",0,"2014-2015",5.74941037216003,40112.7407321872,"N",TRUE,1,TRUE,1,0
"74","HS1537",396,5200,"50850",2014-12-24,2014-12-24,1,"A/H3N2","HS1537",0,"2014-2015",6.60713065882962,289069.73422093,"N",TRUE,1,TRUE,0,0
"75","HS1543",320,5109,"50466",2014-12-24,2014-12-24,0,"A/H3N2","HS1543",0,"2014-2015",5.43346319605192,19379.1694588452,"N",TRUE,1,TRUE,2,0
"76","HS1544",322,5109,"50467",2014-12-24,2014-12-24,0,"A/H3N2","HS1544",0,"2014-2015",6.70718815338101,363965.414962725,"N",TRUE,1,TRUE,2,0
"77","HS1554",404,5206,"50879",2014-12-28,2014-12-28,1,"A/H3N2","HS1554",0,"2014-2015",6.95576701800494,645117.736534352,"N",TRUE,1,TRUE,0,0
"78","HS1562",230,5001,"50003",2014-12-25,2014-12-25,0,"A/H3N2","HS1562",0,"2014-2015",5.03509725237236,7744.06904980928,"N",TRUE,1,TRUE,0,0
"79","HS1563",227,5001,"50001",2014-12-25,2014-12-25,0,"A/H3N2","HS1563",0,"2014-2015",6.17367855464174,106549.279906961,"N",TRUE,1,TRUE,2,0
"80","HS1564",232,5001,"50004",2014-12-25,2014-12-25,0,"A/H3N2","HS1564",0,"2014-2015",6.9117096207844,582883.263008704,"N",TRUE,1,TRUE,1,0
"81","HS1566",263,5039,"50167",2014-12-27,2014-12-28,1,"A/H3N2","HS1566",1,"2014-2015",4.65470739785594,3225.36866342537,"N",TRUE,1,TRUE,1,1
"82","HS1567",262,5039,"50164",2014-12-26,2014-12-28,1,"A/H3N2","HS1567",2,"2014-2015",4.52037719496809,2367.27743981759,"N",TRUE,1,TRUE,0,0
"83","HS1573",479,5313,"51322",2015-01-01,2015-01-02,1,"A/H3N2","HS1573",1,"2014-2015",5.22463670957486,11981.4305272548,"N",TRUE,1,TRUE,2,0
"84","HS1579",278,5057,"50246",2015-01-01,2015-01-01,1,"A/H3N2","HS1579",0,"2014-2015",5.79296906062351,44344.6289111341,"N",TRUE,1,TRUE,2,0
"85","HS1595",424,5234,"50993",2015-01-04,2015-01-06,1,"A/H3N2","HS1595",2,"2014-2015",7.83101479947897,4840461.42881588,"N",TRUE,1,TRUE,5,1
"86","HS1596",365,5170,"50727",2015-01-08,2015-01-08,1,"A/H3N2","HS1596",0,"2014-2015",6.83893864391573,492958.78235852,"N",TRUE,1,TRUE,1,0
"87","HS1604",253,5034,"50143",2015-01-11,2015-01-12,1,"A/H3N2","HS1604",1,"2014-2015",6.75834357903316,409463.82903885,"N",TRUE,1,TRUE,3,1
"88","HS1607",406,5213,"50910",2015-01-13,2015-01-14,1,"A/H3N2","HS1607",1,"2014-2015",7.04982107678967,801111.638363332,"N",TRUE,1,TRUE,1,0
"89","M53302",2,1191,"300828",2011-01-03,2011-01-04,1,"A/H3N2","1102",1,"2010-2011",6.48688171477685,219156.158420374,"N",TRUE,0,TRUE,2,0
"90","M53523",12,1130,"300557",2011-01-24,2011-01-24,1,"A/H1N1","1112",0,"2010-2011",6.04484433151435,79198.3795684777,"N",TRUE,0,TRUE,2,0
"91","M53671",21,1348,"301529",2011-01-25,2011-01-27,0,"A/H3N2","1121",2,"2010-2011",5.06065341811546,8213.44555096298,"N",TRUE,0,TRUE,2,1
"92","M53672",22,1348,"301530",2011-01-25,2011-01-27,0,"A/H3N2","1122",2,"2010-2011",4.3151188675942,1475.67538100647,"N",TRUE,0,TRUE,1,0
"93","M53769",25,1080,"300341",2011-01-31,2011-02-03,0,"A/H3N2","1125",3,"2010-2011",4.85153716568115,5074.68547281161,"N",TRUE,0,TRUE,2,0
"94","M54053",34,1245,"301072",2011-02-15,2011-02-16,1,"A/H3N2","1134",1,"2010-2011",4.72973482548841,3833.59994206691,"N",TRUE,0,TRUE,0,0
"95","M54062",37,1275,"301203",2011-02-13,2011-02-16,0,"A/H1N1","1137",3,"2010-2011",4.71136255794818,3674.80689249517,"N",TRUE,0,TRUE,22,4
"96","M54181",39,1308,"301306",2011-02-20,2011-02-22,1,"A/H3N2","1139",2,"2010-2011",5.28806471032784,13865.5363796139,"N",TRUE,0,TRUE,3,1
"97","M54205",42,1077,"300330",2011-02-22,2011-02-23,1,"A/H1N1","1142",1,"2010-2011",4.25027819863192,1271.01349865439,"N",TRUE,0,TRUE,9,0
"98","M54206",43,1077,"300331",2011-02-20,2011-02-23,1,"A/H1N1","1143",3,"2010-2011",4.75823618990244,4093.62592365556,"N",TRUE,0,TRUE,2,0
"99","M54207",44,1077,"300332",2011-02-22,2011-02-23,1,"A/H1N1","1144",1,"2010-2011",4.59017259445605,2779.99848202134,"N",TRUE,0,TRUE,3,0
"100","M54310",49,1257,"301125",2011-02-26,2011-02-28,1,"A/H3N2","1149",2,"2010-2011",5.59185737957379,27908.0404577259,"N",TRUE,0,TRUE,0,0
"101","M54369",50,1156,"300671",2011-02-28,2011-03-02,1,"A/H3N2","1150",2,"2010-2011",5.92256576792681,59763.7351216904,"N",TRUE,0,TRUE,2,0
"102","M54374",53,1234,"301024",2011-03-01,2011-03-02,0,"A/H3N2","1153",1,"2010-2011",4.98771507959072,6943.63756329413,"Y",TRUE,0,TRUE,0,0
"103","M54375",54,1234,"301023",2011-02-28,2011-03-02,0,"A/H3N2","1154",2,"2010-2011",4.93122470113354,6096.72583328724,"N",TRUE,0,TRUE,1,0
"104","M54580",62,1255,"301120",2011-03-10,2011-03-11,1,"A/H3N2","1162",1,"2010-2011",4.81286795651406,4642.37181480468,"N",TRUE,0,TRUE,1,0
"105","M54585",64,1068,"300293",2011-03-08,2011-03-11,0,"A/H3N2","1164",3,"2010-2011",5.26756907613158,13226.3813529662,"N",TRUE,0,TRUE,3,0
"106","M54586",65,1068,"300294",2011-03-07,2011-03-11,0,"A/H3N2","1165",4,"2010-2011",5.690701390174,35040.7468865956,"N",TRUE,0,TRUE,3,0
"107","M54659",68,1159,"300685",2011-03-16,2011-03-17,0,"A/H3N2","1168",1,"2010-2011",6.13666153906741,97843.8432923421,"N",TRUE,0,TRUE,6,0
"108","M54724",71,1302,"301355",2011-03-20,2011-03-21,1,"A/H3N2","1171",1,"2010-2011",7.42693807925146,1909018.08891275,"N",TRUE,0,TRUE,5,1
"109","M54726",73,1302,"301357",2011-03-20,2011-03-21,1,"A/H3N2","1173",1,"2010-2011",6.11283767478975,92621.0369990775,"N",TRUE,0,TRUE,1,0
"110","M54791",74,1182,"300788",2011-03-23,2011-03-24,1,"A/H3N2","1174",1,"2010-2011",5.31818472085586,14861.2960289796,"N",TRUE,0,TRUE,3,0
"111","M54805",75,1160,"300688",2011-03-23,2011-03-24,1,"A/H3N2","1175",1,"2010-2011",6.22134642952201,118910.004033692,"N",TRUE,0,TRUE,2,0
"112","M54913",79,1111,"300481",2011-03-30,2011-03-30,0,"A/H3N2","1179",0,"2010-2011",5.62154710381598,29882.6472446822,"N",TRUE,0,TRUE,4,1
"113","M55001",85,1156,"300670",2011-04-01,2011-04-04,1,"A/H3N2","1185",3,"2010-2011",6.98380855916435,688145.894945026,"N",TRUE,0,TRUE,6,5
"114","MH0495",87,2054,"320216",2012-01-29,2012-01-30,0,"A/H3N2","1201",1,"2011-2012",4.37447474434865,1691.79099377906,"N",TRUE,0,TRUE,1,0
"115","MH0728",89,2004,"320015",2012-02-12,2012-02-13,1,"A/H3N2","1203",1,"2011-2012",5.10910699254071,9182.881010277,"N",TRUE,0,TRUE,4,0
"116","MH0778",90,2166,"320661",2012-02-13,2012-02-14,1,"A/H3N2","1204",1,"2011-2012",4.39376817838224,1768.64284990813,"N",TRUE,0,TRUE,3,1
"117","MH0922",91,2028,"320110",2012-02-20,2012-02-23,1,"A/H3N2","1205",3,"2011-2012",4.75668621769933,4079.04204651563,"N",TRUE,0,TRUE,3,1
"118","MH1205",99,2162,"321372",2012-03-08,2012-03-08,0,"A/H3N2","1213",0,"2011-2012",5.54229321675574,24898.0411899606,"N",TRUE,0,TRUE,1,0
"119","MH1346",103,2162,"320645",2012-03-11,2012-03-12,0,"A/H3N2","1217",1,"2011-2012",4.24045843538245,1242.59728309241,"N",TRUE,0,TRUE,5,0
"120","MH1782",107,2117,"320468",2012-04-12,2012-04-13,1,"A/H3N2","1221",1,"2011-2012",5.99057890511616,69895.7661096343,"N",TRUE,0,TRUE,0,0
"121","MH2362",111,3113,"330450",2012-12-02,2012-12-03,0,"A/H3N2","1225",1,"2012-2013",4.15264566038893,1015.12056176152,"N",TRUE,0,TRUE,3,0
"122","MH2364",113,3113,"330452",2012-12-02,2012-12-03,0,"A/H3N2","1227",1,"2012-2013",6.46886466253207,210250.301307777,"N",TRUE,0,TRUE,2,0
"123","MH2365",114,3186,"330744",2012-12-01,2012-12-03,1,"A/H3N2","1228",2,"2012-2013",4.58731386088358,2761.75930045141,"N",TRUE,0,TRUE,5,1
"124","MH2382",115,3310,"331138",2012-12-02,2012-12-04,0,"A/H3N2","1229",2,"2012-2013",5.78725333561226,43764.8354517459,"N",TRUE,0,TRUE,3,0
"125","MH2436",116,3075,"331045",2012-12-10,2012-12-11,1,"A/H3N2","1230",1,"2012-2013",5.41142657380223,18420.3780051986,"N",TRUE,0,TRUE,5,1
"126","MH2447",117,3148,"330589",2012-12-11,2012-12-12,1,"A/H3N2","1231",1,"2012-2013",5.32726020703431,15175.1213044972,"N",TRUE,0,TRUE,1,0
"127","MH2448",118,3151,"330601",2012-12-11,2012-12-12,1,"A/H3N2","1232",1,"2012-2013",5.87407736108303,53450.198869387,"N",TRUE,0,TRUE,2,0
"128","MH2466",123,3077,"330307",2012-12-12,2012-12-15,1,"A/H3N2","1237",3,"2012-2013",5.2435102487156,12513.5984006548,"N",TRUE,0,TRUE,2,0
"129","MH2497",124,3296,"331482",2012-12-14,2012-12-15,0,"A/H3N2","1238",1,"2012-2013",5.75364679795372,40505.9444029598,"N",TRUE,0,TRUE,4,0
"130","MH2516",126,3061,"330243",2012-12-17,2012-12-19,1,"A/H3N2","1240",2,"2012-2013",5.28737326679647,13843.4785181133,"N",TRUE,0,TRUE,2,0
"131","MH2527",127,3009,"330035",2012-12-19,2012-12-20,1,"A/H3N2","1241",1,"2012-2013",6.77290827753191,423428.651923576,"N",TRUE,0,TRUE,2,0
"132","MH2530",128,3274,"331395",2012-12-17,2012-12-20,0,"A/H3N2","1242",3,"2012-2013",5.37531914542977,16950.8355187754,"N",TRUE,0,TRUE,0,0
"133","MH2616",131,3008,"330032",2012-12-25,2012-12-28,1,"A/H3N2","1245",3,"2012-2013",5.5584067906487,25839.1816455019,"N",TRUE,0,TRUE,0,0
"134","MH2706",137,3111,"330441",2013-01-02,2013-01-04,1,"A/H3N2","1303",2,"2012-2013",5.77010224533225,42070.164450003,"N",TRUE,0,TRUE,4,0
"135","MH2737",139,3111,"331061",2013-01-02,2013-01-07,1,"A/H3N2","1305",5,"2012-2013",4.48452856886802,2179.71911721178,"N",TRUE,0,TRUE,5,0
"136","MH2810",141,3238,"330949",2013-01-08,2013-01-09,0,"A/H3N2","1307",1,"2012-2013",4.70764338476614,3643.47126808786,"N",TRUE,0,TRUE,4,0
"137","MH2863",144,3174,"330693",2013-01-09,2013-01-11,0,"A/H3N2","1310",2,"2012-2013",5.12143854829268,9447.36103911331,"N",TRUE,0,TRUE,3,0
"138","MH2936",145,3160,"330640",2013-01-12,2013-01-14,1,"A/H1N1","1311",2,"2012-2013",6.57182667074537,266500.872414677,"N",TRUE,0,TRUE,4,2
"139","MH2942",147,3284,"331433",2013-01-14,2013-01-15,0,"A/H3N2","1313",1,"2012-2013",4.32896117184515,1523.46729750887,"N",TRUE,0,TRUE,1,0
"140","MH3061",151,3034,"330136",2013-01-19,2013-01-21,0,"A/H3N2","1317",2,"2012-2013",5.29571139383239,14111.8307187602,"N",TRUE,0,TRUE,0,0
"141","MH3208",155,3225,"330897",2013-01-23,2013-01-24,0,"A/H3N2","1321",1,"2012-2013",5.45123717873044,20188.7366542645,"N",TRUE,0,TRUE,1,0
"142","MH3270",157,3034,"330133",2013-01-24,2013-01-28,0,"A/H3N2","1323",4,"2012-2013",4.89684606936333,5632.71832038632,"N",TRUE,0,TRUE,1,0
"143","MH4091",174,3311,"331541",2013-03-05,2013-03-08,0,"A/H3N2","1340",3,"2012-2013",5.10329352607002,9060.77801242841,"N",TRUE,0,TRUE,4,2
"144","MH5193",180,4141,"UM41569",2013-11-12,2013-11-12,0,"A/H1N1","1346",0,"2013-2014",4.70461312406019,3618.13767545962,"N",TRUE,0,TRUE,0,0
"145","MH5194",181,4141,"UM41570",2013-11-11,2013-11-12,0,"A/H1N1","1347",1,"2013-2014",4.59356080416204,2801.77185619479,"N",TRUE,0,TRUE,0,0
"146","MH5229",182,4062,"UM40245",2013-11-19,2013-11-19,1,"A/H1N1","1348",0,"2013-2014",5.30190410967241,14314.4964109958,"N",TRUE,0,TRUE,0,0
"147","MH5245",183,4113,"UM40449",2013-11-19,2013-11-20,1,"A/H1N1","1349",1,"2013-2014",6.26911502571929,132735.469418344,"N",TRUE,0,TRUE,0,0
"148","MH5295",184,4113,"UM41554",2013-11-26,2013-11-27,1,"A/H1N1","1350",1,"2013-2014",6.0471111343945,79612.8367170207,"N",TRUE,0,TRUE,1,0
"149","MH5300",185,4113,"UM41553",2013-11-28,2013-12-02,1,"A/H1N1","1351",4,"2013-2014",4.34919473255058,1596.1242535549,"N",TRUE,0,TRUE,2,1
"150","MH5405",187,4185,"UM40738",2013-12-14,2013-12-16,0,"A/H1N1","1353",2,"2013-2014",4.33502260193343,1544.87934338975,"N",TRUE,0,TRUE,5,2
"151","MH5499",191,4156,"UM40621",2013-12-17,2013-12-20,0,"A/H1N1","1357",3,"2013-2014",5.59618486900962,28187.5177908308,"N",TRUE,0,TRUE,1,0
"152","MH5546",196,4140,"UM41567",2013-12-23,2013-12-27,0,"A/H1N1","1362",4,"2013-2014",4.16835341171563,1052.50792848656,"N",TRUE,0,TRUE,9,3
"153","MH5548",197,4092,"UM40366",2013-12-25,2013-12-27,0,"A/H1N1","1363",2,"2013-2014",4.41935974911836,1875.99515939424,"N",TRUE,0,TRUE,5,0
"154","MH5549",198,4092,"UM40367",2013-12-24,2013-12-27,0,"A/H1N1","1364",3,"2013-2014",4.75381165280815,4052.13230674144,"N",TRUE,0,TRUE,7,0
"155","MH5645",204,4115,"UM40457",2013-12-29,2013-12-30,0,"A/H1N1","1370",1,"2013-2014",6.23785113126879,123515.964951814,"N",TRUE,0,TRUE,1,1
"156","MH5646",205,4115,"UM40460",2013-12-27,2013-12-30,0,"A/H1N1","1371",3,"2013-2014",4.87921050336515,5408.57015920858,"N",TRUE,0,TRUE,1,0
"157","MH5651",208,4175,"UM40699",2013-12-26,2013-12-30,0,"A/H1N1","1374",4,"2013-2014",5.74473776145595,39683.4777740364,"N",TRUE,0,TRUE,5,0
"158","MH5656",210,4157,"UM41575",2013-12-29,2013-12-30,1,"A/H1N1","1376",1,"2013-2014",6.46284515393852,207356.244335153,"N",TRUE,0,TRUE,0,0
"159","MH5677",211,4073,"UM40292",2013-12-31,2014-01-02,1,"A/H1N1","1401",2,"2013-2014",6.10423266973097,90803.9276648357,"N",TRUE,0,TRUE,1,0
"160","MH5679",212,4017,"UM40066",2013-12-29,2014-01-02,0,"A/H1N1","1402",4,"2013-2014",4.3301403070191,1527.60922145889,"N",TRUE,0,TRUE,8,2
"161","MH5680",213,4024,"UM40093",2014-01-01,2014-01-03,1,"A/H1N1","1403",2,"2013-2014",5.07196854764272,8430.25112775548,"N",TRUE,0,TRUE,2,0
"162","MH5709",215,4024,"UM40095",2014-01-04,2014-01-07,0,"A/H1N1","1405",3,"2013-2014",5.46466696886924,20822.7906689391,"N",TRUE,0,TRUE,5,0
"163","MH5712",216,4024,"UM41510",2014-01-03,2014-01-07,1,"A/H1N1","1406",4,"2013-2014",6.09560996918878,89018.8405732259,"N",TRUE,0,TRUE,7,1
"164","MH5817",218,4016,"UM40062",2014-01-10,2014-01-13,0,"A/H1N1","1408",3,"2013-2014",4.76500538060802,4157.93164051067,"N",TRUE,0,TRUE,5,1
"165","MH5848",220,4159,"UM41576",2014-01-13,2014-01-15,0,"A/H1N1","1410",2,"2013-2014",5.41792447638038,18698.0553352145,"N",TRUE,0,TRUE,4,0
"166","MH5849",221,4159,"UM41577",2014-01-13,2014-01-15,0,"A/H1N1","1411",2,"2013-2014",4.89596534004382,5621.30700032751,"N",TRUE,0,TRUE,1,0
"167","MH6042",223,4110,"UM40439",2014-01-27,2014-01-28,1,"A/H1N1","1413",1,"2013-2014",4.73605441124447,3889.79197113413,"N",TRUE,0,TRUE,1,0
"168","MH6260",224,4075,"UM40300",2014-02-12,2014-02-13,1,"A/H1N1","1414",1,"2013-2014",4.80937602781679,4605.19465723007,"N",TRUE,0,TRUE,2,0
"169","MH6262",225,4133,"UM40530",2014-02-13,2014-02-14,0,"A/H1N1","1415",1,"2013-2014",4.73248924968733,3857.99103403265,"N",TRUE,0,TRUE,4,0
"170","MH7385",355,5147,"50632",2014-11-13,2014-11-14,1,"A/H3N2","MH7385",1,"2014-2015",4.90727726105416,5769.64676780382,"N",TRUE,0,TRUE,0,0
"171","MH7390",338,5129,"50552",2014-11-17,2014-11-17,0,"A/H3N2","MH7390",0,"2014-2015",5.67894818749773,34105.1647518907,"N",TRUE,0,TRUE,4,0
"172","MH7391",340,5129,"50553",2014-11-16,2014-11-17,0,"A/H3N2","MH7391",1,"2014-2015",5.0497787490739,8010.33563290432,"N",TRUE,0,TRUE,3,1
"173","MH7409",302,5084,"50359",2014-11-14,2014-11-17,1,"A/H3N2","MH7409",3,"2014-2015",5.28248672318427,13688.5891107403,"N",TRUE,0,TRUE,0,0
"174","MH7440",337,5129,"50551",2014-11-18,2014-11-19,1,"A/H3N2","MH7440",1,"2014-2015",4.33777909545175,1554.71597045394,"N",TRUE,0,TRUE,3,2
"175","MH7455",328,5114,"50482",2014-11-19,2014-11-20,1,"A/H3N2","MH7455",1,"2014-2015",7.25099406128149,1273110.28189008,"N",TRUE,0,TRUE,1,0
"176","MH7492",271,5048,"50206",2014-11-20,2014-11-21,0,"A/H3N2","MH7492",1,"2014-2015",6.7162212758411,371615.00382535,"N",TRUE,0,TRUE,2,0
"177","MH7505",265,5040,"50168",2014-11-21,2014-11-22,0,"A/H3N2","MH7505",1,"2014-2015",5.01289738508155,7358.16207143003,"N",TRUE,0,TRUE,3,0
"178","MH7520",350,5143,"50620",2014-11-22,2014-11-24,0,"A/H3N2","MH7520",2,"2014-2015",4.59935530339823,2839.40450937719,"N",TRUE,0,TRUE,1,0
"179","MH7564",345,5143,"50618",2014-11-24,2014-11-25,0,"A/H3N2","MH7564",1,"2014-2015",5.45670503075344,20444.5236015679,"N",TRUE,0,TRUE,1,0
"180","MH7565",347,5143,"50619",2014-11-25,2014-11-25,0,"A/H3N2","MH7565",0,"2014-2015",6.51190162039982,232152.617532256,"N",TRUE,0,TRUE,1,0
"181","MH7611",291,5073,"50318",2014-11-23,2014-11-26,1,"A/H3N2","MH7611",3,"2014-2015",5.07551904871305,8499.4537113383,"N",TRUE,0,TRUE,3,1
"182","MH7612",293,5073,"50319",2014-11-25,2014-11-26,1,"A/H3N2","MH7612",1,"2014-2015",6.96186453978366,654239.112547579,"N",TRUE,0,TRUE,1,1
"183","MH7627",273,5048,"50207",2014-11-30,2014-12-01,0,"A/H3N2","MH7627",1,"2014-2015",6.59516630143721,281214.85983637,"N",TRUE,0,TRUE,6,1
"184","MH7687",417,5228,"50969",2014-12-01,2014-12-02,0,"A/H3N2","MH7687",1,"2014-2015",6.09955265823344,89830.6666256944,"N",TRUE,0,TRUE,2,0
"185","MH7755",252,5033,"50141",2014-12-03,2014-12-05,1,"A/H3N2","MH7755",2,"2014-2015",5.11594766190647,9328.66776540432,"N",TRUE,0,TRUE,2,2
"186","MH7796",268,5040,"50171",2014-12-06,2014-12-06,0,"A/H3N2","MH7796",0,"2014-2015",4.45436031643894,2033.4443001354,"N",TRUE,0,TRUE,1,1
"187","MH7799",361,5158,"50678",2014-12-05,2014-12-08,1,"A/H3N2","MH7799",3,"2014-2015",4.23959886692807,1240.14033012031,"N",TRUE,0,TRUE,1,1
"188","MH7800",403,5204,"50874",2014-12-05,2014-12-06,1,"A/H3N2","MH7800",1,"2014-2015",5.47239195556909,21196.4885031859,"N",TRUE,0,TRUE,5,0
"189","MH7804",487,5322,"51359",2014-12-02,2014-12-08,0,"A/H3N2","MH7804",6,"2014-2015",5.41817002095231,18708.6299667928,"N",TRUE,0,TRUE,1,0
"190","MH7842",235,5002,"50006",2014-12-07,2014-12-08,0,"A/H3N2","MH7842",1,"2014-2015",6.5547322334349,256214.791164166,"N",TRUE,0,TRUE,0,0
"191","MH7843",237,5002,"50007",2014-12-07,2014-12-08,0,"A/H3N2","MH7843",1,"2014-2015",6.09152862163635,88186.1912645281,"N",TRUE,0,TRUE,1,0
"192","MH7844",282,5061,"50261",2014-12-06,2014-12-08,1,"A/H3N2","MH7844",2,"2014-2015",5.43887909015308,19622.3516538187,"N",TRUE,0,TRUE,0,0
"193","MH7845",297,5078,"50330",2014-12-06,2014-12-08,1,"A/H3N2","MH7845",2,"2014-2015",5.04092682445913,7848.71914528868,"N",TRUE,0,TRUE,3,1
"194","MH7851",412,5219,"50935",2014-12-05,2014-12-08,0,"A/H3N2","MH7851",3,"2014-2015",4.59922427293829,2838.54796531592,"N",TRUE,0,TRUE,1,1
"195","MH7852",491,5341,"51438",2014-12-07,2014-12-08,1,"A/H3N2","MH7852",1,"2014-2015",6.29579677716431,141146.054111149,"N",TRUE,0,TRUE,6,2
"196","MH7855",415,5228,"50968",2014-12-06,2014-12-08,1,"A/H3N2","MH7855",2,"2014-2015",4.52336057376031,2383.59539700922,"N",TRUE,0,TRUE,3,0
"197","MH7860",457,5263,"51106",2014-12-06,2014-12-09,1,"A/H3N2","MH7860",3,"2014-2015",5.25644415056308,12891.8758595551,"N",TRUE,0,TRUE,9,1
"198","MH7884",331,5126,"50538",2014-12-08,2014-12-09,1,"A/H3N2","MH7884",1,"2014-2015",5.37770014672638,17044.0229788895,"N",TRUE,0,TRUE,6,0
"199","MH7885",333,5126,"50539",2014-12-06,2014-12-09,1,"A/H3N2","MH7885",3,"2014-2015",5.27017726775289,13306.0524822515,"N",TRUE,0,TRUE,0,0
"200","MH7886",335,5126,"50540",2014-12-06,2014-12-09,1,"A/H3N2","MH7886",3,"2014-2015",4.56567880394384,2627.54866436138,"N",TRUE,0,TRUE,2,1
"201","MH7890",286,5070,"50305",2014-12-05,2014-12-10,0,"A/H3N2","MH7890",5,"2014-2015",6.11665119375959,93437.9191253739,"N",TRUE,0,TRUE,4,0
"202","MH7891",300,5078,"50331",2014-12-09,2014-12-10,0,"A/H3N2","MH7891",1,"2014-2015",5.5931656386784,27992.2367742622,"N",TRUE,0,TRUE,2,0
"203","MH7893",304,5093,"50399",2014-12-10,2014-12-10,0,"A/H3N2","MH7893",0,"2014-2015",6.77030330748492,420896.458768179,"N",TRUE,0,TRUE,3,0
"204","MH7905",432,5245,"51046",2014-12-08,2014-12-10,1,"A/H3N2","MH7905",2,"2014-2015",4.35676475109079,1624.18956305428,"N",TRUE,0,TRUE,1,0
"205","MH7953",389,5191,"50812",2014-12-10,2014-12-11,1,"A/H3N2","MH7953",1,"2014-2015",4.486483126602,2189.55112854501,"N",TRUE,0,TRUE,1,0
"206","MH8041",382,5185,"50786",2014-12-11,2014-12-12,1,"A/H3N2","MH8041",1,"2014-2015",7.97046456980503,6673236.77004296,"N",TRUE,0,TRUE,1,0
"207","MH8052",475,5302,"51273",2014-12-13,2014-12-13,1,"A/H3N2","MH8052",0,"2014-2015",4.40648400664848,1821.1929941295,"N",TRUE,0,TRUE,2,1
"208","MH8088",429,5244,"51041",2014-12-11,2014-12-15,0,"A/H3N2","MH8088",4,"2014-2015",6.36427588279199,165252.427224562,"N",TRUE,0,TRUE,9,2
"209","MH8089",430,5244,"51043",2014-12-12,2014-12-15,0,"A/H3N2","MH8089",3,"2014-2015",4.96022730049901,6517.77350981211,"N",TRUE,0,TRUE,6,1
"210","MH8090",483,5317,"51335",2014-12-13,2014-12-15,0,"A/H3N2","MH8090",2,"2014-2015",5.16852059629809,10529.131764907,"N",TRUE,0,TRUE,1,0
"211","MH8125",277,5053,"50232",2014-12-12,2014-12-15,1,"A/H3N2","MH8125",3,"2014-2015",4.59168038216854,2789.66688089761,"N",TRUE,0,TRUE,15,0
"212","MH8126",301,5078,"50332",2014-12-11,2014-12-15,0,"A/H3N2","MH8126",4,"2014-2015",4.86444441946186,5227.76893582715,"N",TRUE,0,TRUE,2,0
"213","MH8129",410,5215,"50921",2014-12-14,2014-12-15,0,"A/H3N2","MH8129",1,"2014-2015",4.29339961150908,1403.69119541999,"N",TRUE,0,TRUE,4,0
"214","MH8137",473,5290,"51225",2014-12-15,2014-12-16,1,"A/H3N2","MH8137",1,"2014-2015",5.82782082965635,48049.9338348692,"N",TRUE,0,TRUE,47,8
"215","MH8155",246,5028,"50120",2014-12-15,2014-12-16,1,"A/H3N2","MH8155",1,"2014-2015",6.59238090069693,279417.025440071,"N",TRUE,0,TRUE,2,0
"216","MH8156",259,5038,"50161",2014-12-13,2014-12-16,0,"A/H3N2","MH8156",3,"2014-2015",5.05213203579552,8053.85859260289,"N",TRUE,0,TRUE,17,0
"217","MH8158",379,5185,"50784",2014-12-15,2014-12-16,1,"A/H3N2","MH8158",1,"2014-2015",4.55979173682463,2592.17131944944,"N",TRUE,0,TRUE,0,0
"218","MH8159",381,5185,"50785",2014-12-14,2014-12-16,1,"A/H3N2","MH8159",2,"2014-2015",4.63194733213106,3060.68966075269,"N",TRUE,0,TRUE,1,0
"219","MH8160",387,5191,"50809",2014-12-14,2014-12-16,1,"A/H3N2","MH8160",2,"2014-2015",4.71481065354095,3704.0992750182,"N",TRUE,0,TRUE,1,0
"220","MH8165",269,5046,"50197",2014-12-14,2014-12-16,0,"A/H3N2","MH8165",2,"2014-2015",4.84201187116259,4964.59511353398,"N",TRUE,0,TRUE,3,0
"221","MH8183",400,5200,"50852",2014-12-14,2014-12-17,1,"A/H3N2","MH8183",3,"2014-2015",5.82196901803731,47406.83725613,"N",TRUE,0,TRUE,2,0
"222","MH8186",436,5249,"51055",2014-12-15,2014-12-17,1,"A/H3N2","MH8186",2,"2014-2015",5.15073633199311,10106.674906501,"N",TRUE,0,TRUE,5,1
"223","MH8308",427,5238,"51000",2014-12-16,2014-12-18,1,"A/H3N2","MH8308",2,"2014-2015",4.82670398912908,4792.65263937886,"N",TRUE,0,TRUE,2,1
"224","MH8309",468,5289,"51216",2014-12-17,2014-12-18,1,"A/H3N2","MH8309",1,"2014-2015",4.49171220231727,2216.07353162953,"N",TRUE,0,TRUE,0,0
"225","MH8354",448,5261,"51097",2014-12-18,2014-12-19,1,"A/H3N2","MH8354",1,"2014-2015",6.80101136016618,451734.567188031,"N",TRUE,0,TRUE,3,0
"226","MH8386",341,5130,"50556",2014-12-18,2014-12-22,1,"A/H3N2","MH8386",4,"2014-2015",5.93947527430681,62136.5646392847,"N",TRUE,0,TRUE,2,0
"227","MH8390",399,5200,"50851",2014-12-20,2014-12-22,1,"A/H3N2","MH8390",2,"2014-2015",4.9806582346725,6831.72221223212,"N",TRUE,0,TRUE,28,4
"228","MH8391",444,5254,"51073",2014-12-20,2014-12-22,1,"A/H3N2","MH8391",2,"2014-2015",5.48619623474303,21881.0520421267,"N",TRUE,0,TRUE,1,0
"229","MH8392",445,5254,"51074",2014-12-17,2014-12-22,1,"A/H3N2","MH8392",5,"2014-2015",5.95207856983419,63966.1974272536,"N",TRUE,0,TRUE,0,0
"230","MH8393",465,5275,"51162",2014-12-22,2014-12-22,1,"A/H3N2","MH8393",0,"2014-2015",6.96827895613004,663973.765968094,"N",TRUE,0,TRUE,1,0
"231","MH8396",476,5305,"51288",2014-12-21,2014-12-22,1,"A/H3N2","MH8396",1,"2014-2015",5.8436004804325,49827.884002319,"N",TRUE,0,TRUE,0,0
"232","MH8424",452,5261,"51101",2014-12-21,2014-12-22,0,"A/H3N2","MH8424",1,"2014-2015",6.21283854939999,116603.211967698,"N",TRUE,0,TRUE,6,0
"233","MH8439",324,5109,"50468",2014-12-21,2014-12-23,0,"A/H3N2","MH8439",2,"2014-2015",5.29106434657173,13961.6359922664,"N",TRUE,0,TRUE,1,0
"234","MH8442",395,5197,"50842",2014-12-22,2014-12-23,1,"A/H3N2","MH8442",1,"2014-2015",6.49113642162949,221313.744347473,"N",TRUE,0,TRUE,1,0
"235","MH8445",442,5250,"51059",2014-12-22,2014-12-23,1,"A/H3N2","MH8445",1,"2014-2015",7.09625470953784,891510.933752938,"N",TRUE,0,TRUE,2,0
"236","MH8447",474,5301,"51267",2014-12-22,2014-12-23,0,"A/H3N2","MH8447",1,"2014-2015",4.30749731076676,1450.00424974394,"N",TRUE,0,TRUE,3,0
"237","MH8586",283,5066,"50288",2014-12-26,2014-12-29,1,"A/H3N2","MH8586",3,"2014-2015",4.19340973970556,1115.01755241528,"N",TRUE,0,TRUE,1,0
"238","MH8589",296,5075,"50323",2014-12-24,2014-12-29,1,"A/H3N2","MH8589",5,"2014-2015",4.25075343786921,1272.40510302206,"N",TRUE,0,TRUE,1,1
"239","MH8592",310,5098,"50418",2014-12-27,2014-12-29,1,"A/H3N2","MH8592",2,"2014-2015",6.54722119968015,251821.707281717,"N",TRUE,0,TRUE,3,0
"240","MH8688",228,5001,"50001",2014-12-25,2014-12-31,0,"A/H3N2","MH8688",6,"2014-2015",4.8568283365461,5136.8904129294,"N",TRUE,0,TRUE,0,0
"241","MH8690",231,5001,"50003",2014-12-25,2014-12-31,0,"A/H3N2","MH8690",6,"2014-2015",4.2676008192989,1322.73481222846,"N",TRUE,0,TRUE,2,0
"242","MH8692",243,5017,"50068",2014-12-27,2014-12-31,1,"A/H3N2","MH8692",4,"2014-2015",4.41847355249335,1872.17101333886,"N",TRUE,0,TRUE,7,1
"243","MH8700",264,5039,"50167",2014-12-27,2014-12-31,1,"A/H3N2","MH8700",4,"2014-2015",5.46200509845267,20695.5542972638,"N",TRUE,0,TRUE,1,0
"244","MH8714",405,5206,"50879",2014-12-28,2014-12-31,1,"A/H3N2","MH8714",3,"2014-2015",7.14252329003051,991734.118237906,"N",TRUE,0,TRUE,0,0
"245","MH8766",279,5057,"50246",2015-01-01,2015-01-05,1,"A/H3N2","MH8766",4,"2014-2015",6.37192212880595,168187.646394325,"N",TRUE,0,TRUE,7,1
"246","MH8922",366,5170,"50727",2015-01-08,2015-01-09,1,"A/H3N2","MH8922",1,"2014-2015",6.05612200728291,81281.9233428816,"N",TRUE,0,TRUE,2,0
"247","MH8924",423,5234,"50992",2015-01-05,2015-01-09,1,"A/H3N2","MH8924",4,"2014-2015",5.06400708049577,8277.11605979195,"N",TRUE,0,TRUE,3,0
"248","MH8925",425,5234,"50993",2015-01-04,2015-01-09,1,"A/H3N2","MH8925",5,"2014-2015",5.68499775901121,34583.56208775,"N",TRUE,0,TRUE,4,0
"249","MH9045",254,5034,"50143",2015-01-11,2015-01-13,1,"A/H3N2","MH9045",2,"2014-2015",5.28528356858571,13777.0277415602,"N",TRUE,0,TRUE,3,1
