"","HOUSE_ID","ENROLLID","season","onset","gc_ul.1","gc_ul.2","mutation","freq1","freq2","SPECID.1","SPECID.2","chr","ref","pos","var","within_host_time","donor_class"
"1",5073,"50319","2014-2015",2014-11-25,224616.057124778,654239.112547579,"HA_A140A",0.972760794576,0.948812954577,"HS1335","MH7612","HA","A",140,"A",1,"Synonymous"
"2",5073,"50319","2014-2015",2014-11-25,224616.057124778,654239.112547579,"HA_A140G",0.0264987958706,0.0498634992657,"HS1335","MH7612","HA","A",140,"G",1,"Synonymous"
"3",5033,"50141","2014-2015",2014-12-03,1099047.07427442,9328.66776540432,"HA_C236A",0.0251913260241,0,"HS1376","MH7755","HA","C",236,"A",1,"Nonsynonymous"
"4",5033,"50141","2014-2015",2014-12-03,1099047.07427442,9328.66776540432,"HA_C236C",0.973873196088,1,"HS1376","MH7755","HA","C",236,"C",1,"Synonymous"
"5",5070,"50305","2014-2015",2014-12-05,31296.7324317693,93437.9191253739,"HA_C273C",0.948241925382,1,"HS1416","MH7890","HA","C",273,"C",3,"Synonymous"
"6",5070,"50305","2014-2015",2014-12-05,31296.7324317693,93437.9191253739,"HA_C273T",0.0511608590998,0,"HS1416","MH7890","HA","C",273,"T",3,"Synonymous"
"7",5234,"50993","2014-2015",2015-01-04,4840461.42881588,34583.56208775,"HA_C418C",0.967664515292,1,"HS1595","MH8925","HA","C",418,"C",3,"Synonymous"
"8",5234,"50993","2014-2015",2015-01-04,4840461.42881588,34583.56208775,"HA_C418T",0.0315552982759,0,"HS1595","MH8925","HA","C",418,"T",3,"Nonsynonymous"
"9",5039,"50167","2014-2015",2014-12-27,3225.36866342537,20695.5542972638,"HA_T491C",0.287317227262,0,"HS1566","MH8700","HA","T",491,"C",3,"Synonymous"
"10",5039,"50167","2014-2015",2014-12-27,3225.36866342537,20695.5542972638,"HA_T491T",0.71178153446,1,"HS1566","MH8700","HA","T",491,"T",3,"Synonymous"
"11",5341,"51438","2014-2015",2014-12-07,238153.266798938,141146.054111149,"HA_T524C",0.0588456364788,0.489384735077,"HS1390","MH7852","HA","T",524,"C",1,"Synonymous"
"12",5341,"51438","2014-2015",2014-12-07,238153.266798938,141146.054111149,"HA_T524T",0.940688538962,0.509991180547,"HS1390","MH7852","HA","T",524,"T",1,"Synonymous"
"13",5126,"50540","2014-2015",2014-12-06,9153.80335873375,2627.54866436138,"HA_C545C",0.93121305512,0.817740306162,"HS1409","MH7886","HA","C",545,"C",3,"Synonymous"
"14",5126,"50540","2014-2015",2014-12-06,9153.80335873375,2627.54866436138,"HA_C545T",0.0680510202664,0.18189226088,"HS1409","MH7886","HA","C",545,"T",3,"Synonymous"
"15",5341,"51438","2014-2015",2014-12-07,238153.266798938,141146.054111149,"HA_G638A",0.213904415309,0.0359769154235,"HS1390","MH7852","HA","G",638,"A",1,"Synonymous"
"16",5341,"51438","2014-2015",2014-12-07,238153.266798938,141146.054111149,"HA_G638G",0.785084637496,0.962913592002,"HS1390","MH7852","HA","G",638,"G",1,"Synonymous"
"17",5228,"50968","2014-2015",2014-12-06,59552.1759622025,2383.59539700922,"HA_A879A",0.965413916688,1,"HS1401","MH7855","HA","A",879,"A",1,"Synonymous"
"18",5228,"50968","2014-2015",2014-12-06,59552.1759622025,2383.59539700922,"HA_A879C",0.0341160572648,0,"HS1401","MH7855","HA","A",879,"C",1,"Nonsynonymous"
"19",5129,"50553","2014-2015",2014-11-16,2828096.10866543,8010.33563290432,"HA_C995C",0.960878953385,0.911618540293,"HS1256","MH7391","HA","C",995,"C",1,"Synonymous"
"20",5129,"50553","2014-2015",2014-11-16,2828096.10866543,8010.33563290432,"HA_C995T",0.0380427122411,0.087795844906,"HS1256","MH7391","HA","C",995,"T",1,"Synonymous"
"21",5034,"50143","2014-2015",2015-01-11,409463.82903885,13777.0277415602,"HA_G997G",0.118965758211,0.160588985754,"HS1604","MH9045","HA","G",997,"G",1,"Nonsynonymous"
"22",5034,"50143","2014-2015",2015-01-11,409463.82903885,13777.0277415602,"HA_G997T",0.880223619846,0.838587072082,"HS1604","MH9045","HA","G",997,"T",1,"Synonymous"
"23",5033,"50141","2014-2015",2014-12-03,1099047.07427442,9328.66776540432,"HA_A1011A",0.976126537408,1,"HS1376","MH7755","HA","A",1011,"A",1,"Synonymous"
"24",5033,"50141","2014-2015",2014-12-03,1099047.07427442,9328.66776540432,"HA_A1011G",0.0234583211453,0,"HS1376","MH7755","HA","A",1011,"G",1,"Nonsynonymous"
"25",5109,"50468","2014-2015",2014-12-21,5295.87014994404,13961.6359922664,"HA_G1019A",0.0451690779046,0,"HS1516","MH8439","HA","G",1019,"A",2,"Synonymous"
"26",5109,"50468","2014-2015",2014-12-21,5295.87014994404,13961.6359922664,"HA_G1019G",0.95445588521,1,"HS1516","MH8439","HA","G",1019,"G",2,"Synonymous"
"27",5204,"50874","2014-2015",2014-12-05,1446.10996315801,21196.4885031859,"HA_A1486A",0.894932393611,1,"HS1381","MH7800","HA","A",1486,"A",1,"Synonymous"
"28",5204,"50874","2014-2015",2014-12-05,1446.10996315801,21196.4885031859,"HA_A1486T",0.103900854115,0,"HS1381","MH7800","HA","A",1486,"T",1,"Nonsynonymous"
"29",5048,"50207","2014-2015",2014-11-30,4350989.14626686,281214.85983637,"HA_G1670A",0.0289438607466,0.0349313418453,"HS1340","MH7627","HA","G",1670,"A",1,"Synonymous"
"30",5048,"50207","2014-2015",2014-11-30,4350989.14626686,281214.85983637,"HA_G1670G",0.969830111306,0.964586846543,"HS1340","MH7627","HA","G",1670,"G",1,"Synonymous"
"31",5234,"50993","2014-2015",2015-01-04,4840461.42881588,34583.56208775,"M_T303C",0.0309374082531,0,"HS1595","MH8925","M","T",303,"C",3,"Nonsynonymous"
"32",5234,"50993","2014-2015",2015-01-04,4840461.42881588,34583.56208775,"M_T303T",0.968531609776,1,"HS1595","MH8925","M","T",303,"T",3,"Synonymous"
"33",5250,"51059","2014-2015",2014-12-22,26649748.4124855,891510.933752938,"M_G553A",0.0897057347185,0.0328200308996,"HS1520","MH8445","M","G",553,"A",1,"Synonymous"
"34",5250,"51059","2014-2015",2014-12-22,26649748.4124855,891510.933752938,"M_G553G",0.909609735627,0.966482286316,"HS1520","MH8445","M","G",553,"G",1,"Synonymous"
"35",5073,"50318","2014-2015",2014-11-23,1971855.82345112,8499.4537113383,"NP_G207A",0.975755873818,1,"HS1336","MH7611","NP","G",207,"A",3,"Synonymous"
"36",5073,"50318","2014-2015",2014-11-23,1971855.82345112,8499.4537113383,"NP_G207G",0.023682486193,0,"HS1336","MH7611","NP","G",207,"G",3,"Synonymous"
"37",5114,"50482","2014-2015",2014-11-19,1273110.28189008,143722.830467899,"NP_T273C",0.0351737311541,0.0732036364348,"MH7455","HS1284","NP","T",273,"C",0,"Synonymous"
"38",5114,"50482","2014-2015",2014-11-19,1273110.28189008,143722.830467899,"NP_T273T",0.963857895818,0.925960637301,"MH7455","HS1284","NP","T",273,"T",0,"Synonymous"
"39",5261,"51097","2014-2015",2014-12-18,451734.567188031,356720.72525462,"NP_G300A",0.0270648583852,0.05031166427,"MH8354","HS1500","NP","G",300,"A",0,"Synonymous"
"40",5261,"51097","2014-2015",2014-12-18,451734.567188031,356720.72525462,"NP_G300G",0.970824358723,0.948327425786,"MH8354","HS1500","NP","G",300,"G",0,"Synonymous"
"41",5129,"50553","2014-2015",2014-11-16,2828096.10866543,8010.33563290432,"NP_T723C",0.0353873297077,0.0536324531095,"HS1256","MH7391","NP","T",723,"C",1,"Synonymous"
"42",5129,"50553","2014-2015",2014-11-16,2828096.10866543,8010.33563290432,"NP_T723T",0.964169309855,0.94603284683,"HS1256","MH7391","NP","T",723,"T",1,"Synonymous"
"43",5057,"50246","2014-2015",2015-01-01,44344.6289111341,168187.646394325,"NP_C912C",0.975390417251,1,"HS1579","MH8766","NP","C",912,"C",4,"Synonymous"
"44",5057,"50246","2014-2015",2015-01-01,44344.6289111341,168187.646394325,"NP_C912T",0.0238459160993,0,"HS1579","MH8766","NP","C",912,"T",4,"Synonymous"
"45",5245,"51046","2014-2015",2014-12-08,1813.03726188786,1624.18956305428,"NP_G942A",0.208095813744,0.0977810655399,"HS1421","MH7905","NP","G",942,"A",1,"Synonymous"
"46",5245,"51046","2014-2015",2014-12-08,1813.03726188786,1624.18956305428,"NP_G942G",0.79084948102,0.900867037538,"HS1421","MH7905","NP","G",942,"G",1,"Synonymous"
"47",5070,"50305","2014-2015",2014-12-05,31296.7324317693,93437.9191253739,"NP_A1011A",0.272598938811,0.67699981639,"HS1416","MH7890","NP","A",1011,"A",3,"Synonymous"
"48",5070,"50305","2014-2015",2014-12-05,31296.7324317693,93437.9191253739,"NP_A1011C",0.726086744877,0.321690423285,"HS1416","MH7890","NP","A",1011,"C",3,"Synonymous"
"49",5028,"50120","2014-2015",2014-12-15,279417.025440071,65775.7564564245,"NP_G1132A",0.668852354145,0.691004763832,"MH8155","HS1461","NP","G",1132,"A",0,"Synonymous"
"50",5028,"50120","2014-2015",2014-12-15,279417.025440071,65775.7564564245,"NP_G1132G",0.330987717503,0.308590466108,"MH8155","HS1461","NP","G",1132,"G",0,"Nonsynonymous"
"51",5078,"50331","2014-2015",2014-12-09,1105.33294512701,27992.2367742622,"NP_C1334C",0.969717498814,0.944899103139,"HS1417","MH7891","NP","C",1334,"C",1,"Synonymous"
"52",5078,"50331","2014-2015",2014-12-09,1105.33294512701,27992.2367742622,"NP_C1334T",0.0293693096763,0.0545497547818,"HS1417","MH7891","NP","C",1334,"T",1,"Nonsynonymous"
"53",5126,"50538","2014-2015",2014-12-08,331469.738190488,17044.0229788895,"NR_T168C",0.0532737376178,0,"HS1408","MH7884","NR","T",168,"C",3,"Nonsynonymous"
"54",5126,"50538","2014-2015",2014-12-08,331469.738190488,17044.0229788895,"NR_T168T",0.946363856004,0.890627263509,"HS1408","MH7884","NR","T",168,"T",3,"Synonymous"
"55",5126,"50538","2014-2015",2014-12-08,331469.738190488,17044.0229788895,"NR_T174C",0.0495013829969,0.103353285093,"HS1408","MH7884","NR","T",174,"C",3,"Nonsynonymous"
"56",5126,"50538","2014-2015",2014-12-08,331469.738190488,17044.0229788895,"NR_T174T",0.949069973428,0.893769017066,"HS1408","MH7884","NR","T",174,"T",3,"Synonymous"
"57",5126,"50538","2014-2015",2014-12-08,331469.738190488,17044.0229788895,"NR_T204C",0.0537203647876,0.105418555052,"HS1408","MH7884","NR","T",204,"C",3,"Nonsynonymous"
"58",5126,"50538","2014-2015",2014-12-08,331469.738190488,17044.0229788895,"NR_T204T",0.945148001221,0.893263757116,"HS1408","MH7884","NR","T",204,"T",3,"Synonymous"
"59",5126,"50538","2014-2015",2014-12-08,331469.738190488,17044.0229788895,"NR_T220C",0.0457585470085,0.0944041703999,"HS1408","MH7884","NR","T",220,"C",3,"Synonymous"
"60",5126,"50538","2014-2015",2014-12-08,331469.738190488,17044.0229788895,"NR_T220T",0.952399737015,0.905107110858,"HS1408","MH7884","NR","T",220,"T",3,"Synonymous"
"61",5126,"50538","2014-2015",2014-12-08,331469.738190488,17044.0229788895,"NR_T221C",0.0490578075375,0.1011110223,"HS1408","MH7884","NR","T",221,"C",3,"Synonymous"
"62",5126,"50538","2014-2015",2014-12-08,331469.738190488,17044.0229788895,"NR_T221T",0.94980620155,0.897849892095,"HS1408","MH7884","NR","T",221,"T",3,"Synonymous"
"63",5126,"50538","2014-2015",2014-12-08,331469.738190488,17044.0229788895,"NR_T249C",0.0589176907983,0.104666794699,"HS1408","MH7884","NR","T",249,"C",3,"Nonsynonymous"
"64",5126,"50538","2014-2015",2014-12-08,331469.738190488,17044.0229788895,"NR_T249T",0.940669214087,0.895141156136,"HS1408","MH7884","NR","T",249,"T",3,"Synonymous"
"65",5204,"50874","2014-2015",2014-12-05,1446.10996315801,21196.4885031859,"NR_A501A",0.966311176041,0.531832479031,"HS1381","MH7800","NR","A",501,"A",1,"Synonymous"
"66",5204,"50874","2014-2015",2014-12-05,1446.10996315801,21196.4885031859,"NR_A501G",0.0331706001001,0.467637282551,"HS1381","MH7800","NR","A",501,"G",1,"Nonsynonymous"
"67",5261,"51097","2014-2015",2014-12-18,451734.567188031,356720.72525462,"NR_G700A",0.0378279094117,0.0282006488645,"MH8354","HS1500","NR","G",700,"A",0,"Synonymous"
"68",5261,"51097","2014-2015",2014-12-18,451734.567188031,356720.72525462,"NR_G700G",0.961509743896,0.971466600116,"MH8354","HS1500","NR","G",700,"G",0,"Synonymous"
"69",5098,"50418","2014-2015",2014-12-27,75379.7949599435,251821.707281717,"NR_G1099A",0.960054771236,0.967942545338,"HS1531","MH8592","NR","G",1099,"A",1,"Synonymous"
"70",5098,"50418","2014-2015",2014-12-27,75379.7949599435,251821.707281717,"NR_G1099C",0.0364039850796,0.0305729417429,"HS1531","MH8592","NR","G",1099,"C",1,"Synonymous"
"71",5126,"50538","2014-2015",2014-12-08,331469.738190488,17044.0229788895,"NS_A169A",0.598071399261,0.615248540598,"HS1408","MH7884","NS","A",169,"A",3,"Synonymous"
"72",5126,"50538","2014-2015",2014-12-08,331469.738190488,17044.0229788895,"NS_A169C",0.399660203475,0.382374742032,"HS1408","MH7884","NS","A",169,"C",3,"Nonsynonymous"
"73",5261,"51101","2014-2015",2014-12-21,116603.211967698,300681.552869375,"NS_G441A",0.0214906940287,0.0227637263668,"MH8424","HS1510","NS","G",441,"A",0,"Nonsynonymous"
"74",5261,"51101","2014-2015",2014-12-21,116603.211967698,300681.552869375,"NS_G441G",0.977474132383,0.975900116144,"MH8424","HS1510","NS","G",441,"G",0,"Synonymous"
"75",5249,"51055","2014-2015",2014-12-15,388359.824187841,10106.674906501,"NS_A453A",0.850665023366,1,"HS1474","MH8186","NS","A",453,"A",2,"Synonymous"
"76",5249,"51055","2014-2015",2014-12-15,388359.824187841,10106.674906501,"NS_A453G",0.147829492147,0,"HS1474","MH8186","NS","A",453,"G",2,"Nonsynonymous"
"77",5341,"51438","2014-2015",2014-12-07,238153.266798938,141146.054111149,"NS_T538C",0.0487008376097,0.48757896261,"HS1390","MH7852","NS","T",538,"C",1,"Nonsynonymous"
"78",5341,"51438","2014-2015",2014-12-07,238153.266798938,141146.054111149,"NS_T538T",0.950439288128,0.511474215538,"HS1390","MH7852","NS","T",538,"T",1,"Synonymous"
"79",5033,"50141","2014-2015",2014-12-03,1099047.07427442,9328.66776540432,"NS_A652A",0.979178390546,1,"HS1376","MH7755","NS","A",652,"A",1,"Synonymous"
"80",5033,"50141","2014-2015",2014-12-03,1099047.07427442,9328.66776540432,"NS_A652G",0.0205565019974,0,"HS1376","MH7755","NS","A",652,"G",1,"Nonsynonymous"
"81",5197,"50842","2014-2015",2014-12-22,753947.294546966,221313.744347473,"NS_G687A",0.0681319007211,0.0292183267245,"HS1517","MH8442","NS","G",687,"A",1,"Nonsynonymous"
"82",5197,"50842","2014-2015",2014-12-22,753947.294546966,221313.744347473,"NS_G687G",0.930590191189,0.970265416085,"HS1517","MH8442","NS","G",687,"G",1,"Synonymous"
"83",5261,"51101","2014-2015",2014-12-21,116603.211967698,300681.552869375,"NS_A729A",0.539855914478,0.527844391154,"MH8424","HS1510","NS","A",729,"A",0,"Synonymous"
"84",5261,"51101","2014-2015",2014-12-21,116603.211967698,300681.552869375,"NS_A729G",0.458902519072,0.471282989773,"MH8424","HS1510","NS","A",729,"G",0,"Synonymous"
"85",5261,"51101","2014-2015",2014-12-21,116603.211967698,300681.552869375,"PA_C258C",0.564929371651,0.542248028425,"MH8424","HS1510","PA","C",258,"C",0,"Synonymous"
"86",5261,"51101","2014-2015",2014-12-21,116603.211967698,300681.552869375,"PA_C258T",0.434210292636,0.457058670595,"MH8424","HS1510","PA","C",258,"T",0,"Synonymous"
"87",5001,"50001","2014-2015",2014-12-25,106549.279906961,5136.8904129294,"PA_G292A",0.088459720965,0,"HS1563","MH8688","PA","G",292,"A",6,"Nonsynonymous"
"88",5001,"50001","2014-2015",2014-12-25,106549.279906961,5136.8904129294,"PA_G292G",0.910545279846,1,"HS1563","MH8688","PA","G",292,"G",6,"Synonymous"
"89",5228,"50969","2014-2015",2014-12-01,4256384.59000529,89830.6666256944,"PA_A519A",0.973461732266,1,"HS1351","MH7687","PA","A",519,"A",1,"Synonymous"
"90",5228,"50969","2014-2015",2014-12-01,4256384.59000529,89830.6666256944,"PA_A519G",0.0259055480325,0,"HS1351","MH7687","PA","A",519,"G",1,"Synonymous"
"91",5034,"50143","2014-2015",2015-01-11,409463.82903885,13777.0277415602,"PA_G916A",0.0475818807204,0.0365481131744,"HS1604","MH9045","PA","G",916,"A",1,"Nonsynonymous"
"92",5034,"50143","2014-2015",2015-01-11,409463.82903885,13777.0277415602,"PA_G916G",0.951631046119,0.962740090263,"HS1604","MH9045","PA","G",916,"G",1,"Synonymous"
"93",5341,"51438","2014-2015",2014-12-07,238153.266798938,141146.054111149,"PA_C927C",0.906827486998,0.921015043306,"HS1390","MH7852","PA","C",927,"C",1,"Synonymous"
"94",5341,"51438","2014-2015",2014-12-07,238153.266798938,141146.054111149,"PA_C927T",0.0922304890917,0.0779471069765,"HS1390","MH7852","PA","C",927,"T",1,"Synonymous"
"95",5238,"51000","2014-2015",2014-12-16,17815.4093987506,4792.65263937886,"PA_T1065C",0.0233691677076,0,"HS1487","MH8308","PA","T",1065,"C",2,"Synonymous"
"96",5238,"51000","2014-2015",2014-12-16,17815.4093987506,4792.65263937886,"PA_T1065T",0.975981972217,1,"HS1487","MH8308","PA","T",1065,"T",2,"Synonymous"
"97",5261,"51101","2014-2015",2014-12-21,116603.211967698,300681.552869375,"PA_A1467A",0.448453608247,0.46149376175,"MH8424","HS1510","PA","A",1467,"A",0,"Synonymous"
"98",5261,"51101","2014-2015",2014-12-21,116603.211967698,300681.552869375,"PA_A1467G",0.550985342591,0.538096051957,"MH8424","HS1510","PA","A",1467,"G",0,"Synonymous"
"99",5143,"50618","2014-2015",2014-11-24,20444.5236015679,389589.15713512,"PA_G1701A",0.966235030142,1,"MH7564","HS1328","PA","G",1701,"A",0,"Synonymous"
"100",5143,"50618","2014-2015",2014-11-24,20444.5236015679,389589.15713512,"PA_G1701G",0.0333324322132,0,"MH7564","HS1328","PA","G",1701,"G",0,"Synonymous"
"101",5143,"50619","2014-2015",2014-11-25,232152.617532256,789642.406965391,"PA_G1701A",0.0461136587657,0.0395296954463,"MH7565","HS1327","PA","G",1701,"A",0,"Synonymous"
"102",5143,"50619","2014-2015",2014-11-25,232152.617532256,789642.406965391,"PA_G1701G",0.95296559385,0.959534628643,"MH7565","HS1327","PA","G",1701,"G",0,"Synonymous"
"103",5143,"50620","2014-2015",2014-11-22,4292191.10137329,2839.40450937719,"PA_G1701A",0.230503852869,0.523499257414,"HS1313","MH7520","PA","G",1701,"A",2,"Synonymous"
"104",5143,"50620","2014-2015",2014-11-22,4292191.10137329,2839.40450937719,"PA_G1701G",0.768498087673,0.475973745988,"HS1313","MH7520","PA","G",1701,"G",2,"Synonymous"
"105",5234,"50993","2014-2015",2015-01-04,4840461.42881588,34583.56208775,"PA_A1795A",0.897309668783,1,"HS1595","MH8925","PA","A",1795,"A",3,"Synonymous"
"106",5234,"50993","2014-2015",2015-01-04,4840461.42881588,34583.56208775,"PA_A1795G",0.102067566964,0,"HS1595","MH8925","PA","A",1795,"G",3,"Nonsynonymous"
"107",5261,"51097","2014-2015",2014-12-18,451734.567188031,356720.72525462,"PA_A2052A",0.953286780641,0.954352850539,"MH8354","HS1500","PA","A",2052,"A",0,"Synonymous"
"108",5261,"51097","2014-2015",2014-12-18,451734.567188031,356720.72525462,"PA_A2052G",0.0455709195935,0.044689039701,"MH8354","HS1500","PA","A",2052,"G",0,"Synonymous"
"109",5341,"51438","2014-2015",2014-12-07,238153.266798938,141146.054111149,"PB1_G430A",0.220772809253,0.0396486125248,"HS1390","MH7852","PB1","G",430,"A",1,"Synonymous"
"110",5341,"51438","2014-2015",2014-12-07,238153.266798938,141146.054111149,"PB1_G430G",0.777876895629,0.957575497598,"HS1390","MH7852","PB1","G",430,"G",1,"Synonymous"
"111",5191,"50812","2014-2015",2014-12-10,20993.5446866126,2189.55112854501,"PB1_C463C",0.912823964995,0.924696473309,"HS1427","MH7953","PB1","C",463,"C",1,"Synonymous"
"112",5191,"50812","2014-2015",2014-12-10,20993.5446866126,2189.55112854501,"PB1_C463T",0.0868394479973,0.0748051062923,"HS1427","MH7953","PB1","C",463,"T",1,"Synonymous"
"113",5204,"50874","2014-2015",2014-12-05,1446.10996315801,21196.4885031859,"PB1_G530A",0.25351760292,0.473359560691,"HS1381","MH7800","PB1","G",530,"A",1,"Nonsynonymous"
"114",5204,"50874","2014-2015",2014-12-05,1446.10996315801,21196.4885031859,"PB1_G530G",0.745889809237,0.526123263376,"HS1381","MH7800","PB1","G",530,"G",1,"Synonymous"
"115",5073,"50318","2014-2015",2014-11-23,1971855.82345112,8499.4537113383,"PB1_A877A",0.978369781312,1,"HS1336","MH7611","PB1","A",877,"A",3,"Synonymous"
"116",5073,"50318","2014-2015",2014-11-23,1971855.82345112,8499.4537113383,"PB1_A877G",0.0208654028168,0,"HS1336","MH7611","PB1","A",877,"G",3,"Synonymous"
"117",5254,"51073","2014-2015",2014-12-20,4522342.82269474,21881.0520421267,"PB1_T910A",0.340472493385,0.0421432505725,"HS1505","MH8391","PB1","T",910,"A",2,"Synonymous"
"118",5254,"51073","2014-2015",2014-12-20,4522342.82269474,21881.0520421267,"PB1_T910T",0.659043348281,0.957481949884,"HS1505","MH8391","PB1","T",910,"T",2,"Synonymous"
"119",5073,"50318","2014-2015",2014-11-23,1971855.82345112,8499.4537113383,"PB1_A985A",0.941019740826,1,"HS1336","MH7611","PB1","A",985,"A",3,"Synonymous"
"120",5073,"50318","2014-2015",2014-11-23,1971855.82345112,8499.4537113383,"PB1_A985C",0.0579359438968,0,"HS1336","MH7611","PB1","A",985,"C",3,"Synonymous"
"121",5191,"50812","2014-2015",2014-12-10,20993.5446866126,2189.55112854501,"PB1_A1204A",0.975205778599,1,"HS1427","MH7953","PB1","A",1204,"A",1,"Synonymous"
"122",5191,"50812","2014-2015",2014-12-10,20993.5446866126,2189.55112854501,"PB1_A1204G",0.0245627983103,0,"HS1427","MH7953","PB1","A",1204,"G",1,"Synonymous"
"123",5057,"50246","2014-2015",2015-01-01,44344.6289111341,168187.646394325,"PB1_T1381C",0.220612391464,0.278668534015,"HS1579","MH8766","PB1","T",1381,"C",4,"Synonymous"
"124",5057,"50246","2014-2015",2015-01-01,44344.6289111341,168187.646394325,"PB1_T1381T",0.778983487026,0.721074269849,"HS1579","MH8766","PB1","T",1381,"T",4,"Synonymous"
"125",5234,"50993","2014-2015",2015-01-04,4840461.42881588,34583.56208775,"PB1_G1558G",0.974974224388,1,"HS1595","MH8925","PB1","G",1558,"G",3,"Synonymous"
"126",5234,"50993","2014-2015",2015-01-04,4840461.42881588,34583.56208775,"PB1_G1558T",0.0243697569459,0,"HS1595","MH8925","PB1","G",1558,"T",3,"Synonymous"
"127",5261,"51101","2014-2015",2014-12-21,116603.211967698,300681.552869375,"PB1_A1621A",0.970337107077,0.963804080814,"MH8424","HS1510","PB1","A",1621,"A",0,"Synonymous"
"128",5261,"51101","2014-2015",2014-12-21,116603.211967698,300681.552869375,"PB1_A1621G",0.0289830648868,0.0356033123119,"MH8424","HS1510","PB1","A",1621,"G",0,"Nonsynonymous"
"129",5204,"50874","2014-2015",2014-12-05,1446.10996315801,21196.4885031859,"PB1_A1705A",0.702750944981,0.538210589471,"HS1381","MH7800","PB1","A",1705,"A",1,"Synonymous"
"130",5204,"50874","2014-2015",2014-12-05,1446.10996315801,21196.4885031859,"PB1_A1705G",0.296343011523,0.461350779373,"HS1381","MH7800","PB1","A",1705,"G",1,"Synonymous"
"131",5170,"50727","2014-2015",2015-01-08,492958.78235852,81281.9233428816,"PB1_G1741A",0.0267897579618,0.0245798938441,"HS1596","MH8922","PB1","G",1741,"A",1,"Synonymous"
"132",5170,"50727","2014-2015",2015-01-08,492958.78235852,81281.9233428816,"PB1_G1741G",0.972632731253,0.973605854151,"HS1596","MH8922","PB1","G",1741,"G",1,"Synonymous"
"133",5204,"50874","2014-2015",2014-12-05,1446.10996315801,21196.4885031859,"PB1_G1798A",0.820306948984,0.556361093733,"HS1381","MH7800","PB1","G",1798,"A",1,"Synonymous"
"134",5204,"50874","2014-2015",2014-12-05,1446.10996315801,21196.4885031859,"PB1_G1798G",0.178816730614,0.443234092666,"HS1381","MH7800","PB1","G",1798,"G",1,"Synonymous"
"135",5129,"50553","2014-2015",2014-11-16,2828096.10866543,8010.33563290432,"PB1_G1822A",0.0374481830523,0.0208268208572,"HS1256","MH7391","PB1","G",1822,"A",1,"Synonymous"
"136",5129,"50553","2014-2015",2014-11-16,2828096.10866543,8010.33563290432,"PB1_G1822G",0.961405602311,0.978350247203,"HS1256","MH7391","PB1","G",1822,"G",1,"Synonymous"
"137",5098,"50418","2014-2015",2014-12-27,75379.7949599435,251821.707281717,"PB1_G1900A",0.0282897855058,0,"HS1531","MH8592","PB1","G",1900,"A",1,"Synonymous"
"138",5098,"50418","2014-2015",2014-12-27,75379.7949599435,251821.707281717,"PB1_G1900G",0.970804734905,1,"HS1531","MH8592","PB1","G",1900,"G",1,"Synonymous"
"139",5204,"50874","2014-2015",2014-12-05,1446.10996315801,21196.4885031859,"PB2_G212A",0.302404459968,0.470121801684,"HS1381","MH7800","PB2","G",212,"A",1,"Nonsynonymous"
"140",5204,"50874","2014-2015",2014-12-05,1446.10996315801,21196.4885031859,"PB2_G212G",0.696233691639,0.528897245157,"HS1381","MH7800","PB2","G",212,"G",1,"Synonymous"
"141",5261,"51101","2014-2015",2014-12-21,116603.211967698,300681.552869375,"PB2_G484A",0.0436740299109,0.0380963841513,"MH8424","HS1510","PB2","G",484,"A",0,"Nonsynonymous"
"142",5261,"51101","2014-2015",2014-12-21,116603.211967698,300681.552869375,"PB2_G484G",0.955615027267,0.961440660303,"MH8424","HS1510","PB2","G",484,"G",0,"Synonymous"
"143",5073,"50319","2014-2015",2014-11-25,224616.057124778,654239.112547579,"PB2_C880C",0.963082296968,1,"HS1335","MH7612","PB2","C",880,"C",1,"Synonymous"
"144",5073,"50319","2014-2015",2014-11-25,224616.057124778,654239.112547579,"PB2_C880T",0.0360841803356,0,"HS1335","MH7612","PB2","C",880,"T",1,"Nonsynonymous"
"145",5034,"50143","2014-2015",2015-01-11,409463.82903885,13777.0277415602,"PB2_G1085A",0.0371576898886,0.0598420993163,"HS1604","MH9045","PB2","G",1085,"A",1,"Nonsynonymous"
"146",5034,"50143","2014-2015",2015-01-11,409463.82903885,13777.0277415602,"PB2_G1085G",0.962348905586,0.93941894298,"HS1604","MH9045","PB2","G",1085,"G",1,"Synonymous"
"147",5001,"50001","2014-2015",2014-12-25,106549.279906961,5136.8904129294,"PB2_G1099A",0.0999685429417,0,"HS1563","MH8688","PB2","G",1099,"A",6,"Nonsynonymous"
"148",5001,"50001","2014-2015",2014-12-25,106549.279906961,5136.8904129294,"PB2_G1099G",0.89923195999,1,"HS1563","MH8688","PB2","G",1099,"G",6,"Synonymous"
"149",5234,"50993","2014-2015",2015-01-04,4840461.42881588,34583.56208775,"PB2_G1099A",0.0383825176499,0,"HS1595","MH8925","PB2","G",1099,"A",3,"Nonsynonymous"
"150",5234,"50993","2014-2015",2015-01-04,4840461.42881588,34583.56208775,"PB2_G1099G",0.961023714487,1,"HS1595","MH8925","PB2","G",1099,"G",3,"Synonymous"
"151",5048,"50207","2014-2015",2014-11-30,4350989.14626686,281214.85983637,"PB2_A1893A",0.943163212799,1,"HS1340","MH7627","PB2","A",1893,"A",1,"Synonymous"
"152",5048,"50207","2014-2015",2014-11-30,4350989.14626686,281214.85983637,"PB2_A1893T",0.0552275151719,0,"HS1340","MH7627","PB2","A",1893,"T",1,"Synonymous"
"153",5028,"50120","2014-2015",2014-12-15,279417.025440071,65775.7564564245,"PB2_A2113A",0.666053527085,0.669721998388,"MH8155","HS1461","PB2","A",2113,"A",0,"Synonymous"
"154",5028,"50120","2014-2015",2014-12-15,279417.025440071,65775.7564564245,"PB2_A2113G",0.333314318553,0.32950278905,"MH8155","HS1461","PB2","A",2113,"G",0,"Nonsynonymous"
