"","X1","HOUSE_ID","ENROLLID","SPECID","onset","collect","vaccination_status","pcr_result","LAURING_ID","DPI","season","log_copy_num","gc_ul","HIGHSD","sequenced","home_collected","snv_qualified"
"1",1,1191,"300825","M53301",2011-01-01,2011-01-04,1,"A/H3N2","1101",3,"2010-2011",2.81636746722337,46.7993080148435,"N",FALSE,0,FALSE
"2",2,1191,"300828","M53302",2011-01-03,2011-01-04,1,"A/H3N2","1102",1,"2010-2011",6.48688171477685,219156.158420374,"N",TRUE,0,TRUE
"3",3,1191,"300827","M53319",2010-12-30,2011-01-05,1,"A/H3N2","1103",6,"2010-2011",4.60848132302764,2899.70146081732,"N",TRUE,0,FALSE
"4",4,1300,"301236","M53358",2011-01-12,2011-01-13,0,"A/H1N1","1104",1,"2010-2011",2.10435352732233,9.08292005420645,"N",FALSE,0,FALSE
"5",5,1362,"301602","M53375",2011-01-13,2011-01-14,1,"A/H3N2","1105",1,"2010-2011",2.62572162791435,30.1712700630947,"Y",FALSE,0,FALSE
"6",6,1229,"300997","M53421",2011-01-17,2011-01-18,1,"A/H1N1","1106",1,"2010-2011",0.759286476553493,0.410353782424796,"N",FALSE,0,FALSE
"7",7,1329,"301454","M53422",2011-01-17,2011-01-18,0,"A/H3N2","1107",1,"2010-2011",2.11402286807786,9.2874145797768,"N",TRUE,0,FALSE
"8",8,1344,"301512","M53480",2011-01-18,2011-01-21,0,"A/H1N1","1108",3,"2010-2011",0.658028779434506,0.325013008490666,"N",FALSE,0,FALSE
"9",9,1348,"301531","M53512",2011-01-23,2011-01-24,1,"A/H3N2","1109",1,"2010-2011",4.02808949432703,762.011382522068,"N",TRUE,0,FALSE
"10",10,1348,"301582","M53513",2011-01-23,2011-01-24,0,"A/H3N2","1110",1,"2010-2011",3.11018537459761,92.0571104653509,"N",TRUE,0,FALSE
"11",11,1081,"300345","M53522",2011-01-21,2011-01-24,1,"A/H1N1","1111",3,"2010-2011",0.774947798781815,0.425421821845878,"N",FALSE,0,FALSE
"12",12,1130,"300557","M53523",2011-01-24,2011-01-24,1,"A/H1N1","1112",0,"2010-2011",6.04484433151435,79198.3795684777,"N",TRUE,0,TRUE
"13",13,1130,"300558","M53524",2011-01-22,2011-01-24,1,"A/H1N1","1113",2,"2010-2011",0.700852152425684,0.358694003804555,"Y",FALSE,0,FALSE
"14",14,1172,"300737","M53582",2011-01-23,2011-01-26,1,"A/H3N2","1114",3,"2010-2011",NA,NA,"N",FALSE,0,FALSE
"15",15,1232,"301013","M53583",2011-01-23,2011-01-26,1,"A/H1N1","1115",3,"2010-2011",0.91286292346787,0.584433211819713,"Y",FALSE,0,FALSE
"16",16,1314,"301329","M53587",2011-01-24,2011-01-26,0,"A/H3N2","1116",2,"2010-2011",3.75970417549799,410.748645363728,"N",TRUE,0,FALSE
"17",17,1314,"301330","M53588",2011-01-24,2011-01-26,0,"A/H3N2","1117",2,"2010-2011",2.97928990758278,68.1023144952593,"N",FALSE,0,FALSE
"18",18,1375,"301654","M53602",2011-01-21,2011-01-26,1,"A/H1N1","1118",5,"2010-2011",2.75444181325351,40.5801621054159,"N",FALSE,0,FALSE
"19",19,1227,"300988","M53651",2011-01-20,2011-01-24,1,"A/H1N1","1119",4,"2010-2011",0.859311221650284,0.516634240307933,"N",FALSE,0,FALSE
"20",20,1079,"300339","M53668",2011-01-25,2011-01-27,1,"A/H1N1","1120",2,"2010-2011",2.61224255506306,29.2492355109235,"N",TRUE,0,FALSE
"21",21,1348,"301529","M53671",2011-01-25,2011-01-27,0,"A/H3N2","1121",2,"2010-2011",5.06065341811546,8213.44555096298,"N",TRUE,0,TRUE
"22",22,1348,"301530","M53672",2011-01-25,2011-01-27,0,"A/H3N2","1122",2,"2010-2011",4.3151188675942,1475.67538100647,"N",TRUE,0,TRUE
"23",23,1080,"300344","M53695",2011-01-30,2011-01-31,1,"A/H3N2","1123",1,"2010-2011",3.72467452142622,378.919090088429,"N",TRUE,0,FALSE
"24",24,1062,"300267","M53765",2011-01-30,2011-02-01,1,"A/H1N1","1124",2,"2010-2011",2.44052809143925,19.6969986779849,"N",FALSE,0,FALSE
"25",25,1080,"300341","M53769",2011-01-31,2011-02-03,0,"A/H3N2","1125",3,"2010-2011",4.85153716568115,5074.68547281161,"N",TRUE,0,TRUE
"26",26,1198,"300855","M53808",2011-01-30,2011-02-01,0,"A/H1N1","1126",2,"2010-2011",1.16671838558066,1.04855291009713,"Y",FALSE,0,FALSE
"27",27,1080,"300342","M53874",2011-02-03,2011-02-07,1,"A/H3N2","1127",4,"2010-2011",1.73824676555438,3.90947760688968,"Y",FALSE,0,FALSE
"28",28,1077,"300331","M53913",2011-02-05,2011-02-08,1,"A/H1N1","1128",3,"2010-2011",NA,NA,"N",FALSE,0,FALSE
"29",29,1152,"300653","M53950",2011-02-09,2011-02-10,1,"A/H3N2","1129",1,"2010-2011",4.61334162868395,2932.3350601753,"N",TRUE,0,FALSE
"30",30,1225,"300979","M53953",2011-02-06,2011-02-10,1,"A/H3N2","1130",4,"2010-2011",3.23154848728572,121.736399158206,"N",TRUE,0,FALSE
"31",31,1109,"300472","M53991",2011-02-13,2011-02-14,1,"A/H3N2","1131",1,"2010-2011",3.13122517896456,96.6266990079247,"N",TRUE,0,FALSE
"32",32,1095,"300412","M54028",2011-02-13,2011-02-14,0,"A/H1N1","1132",1,"2010-2011",3.47422347530435,212.860677265744,"N",TRUE,0,FALSE
"33",33,1282,"301351","M54036",2011-02-13,2011-02-15,0,"A/H3N2","1133",2,"2010-2011",3.47464465494214,213.06721009858,"N",TRUE,0,FALSE
"34",34,1245,"301072","M54053",2011-02-15,2011-02-16,1,"A/H3N2","1134",1,"2010-2011",4.72973482548841,3833.59994206691,"N",TRUE,0,TRUE
"35",35,1260,"301139","M54055",2011-02-14,2011-02-16,0,"A/H1N1","1135",2,"2010-2011",1.22343401511026,1.19482961764258,"Y",FALSE,0,FALSE
"36",36,1330,"301456","M54056",2011-02-14,2011-02-16,0,"A/H1N1","1136",2,"2010-2011",2.68109996945131,34.2745635936585,"N",TRUE,0,FALSE
"37",37,1275,"301203","M54062",2011-02-13,2011-02-16,0,"A/H1N1","1137",3,"2010-2011",4.71136255794818,3674.80689249517,"N",TRUE,0,TRUE
"38",38,1358,"301578","M54126",2011-02-10,2011-02-17,0,"A/H1N1","1138",7,"2010-2011",1.24895772733016,1.26715485431652,"N",FALSE,0,FALSE
"39",39,1308,"301306","M54181",2011-02-20,2011-02-22,1,"A/H3N2","1139",2,"2010-2011",5.28806471032784,13865.5363796139,"N",TRUE,0,TRUE
"40",40,1076,"300325","M54192",2011-02-19,2011-02-23,1,"A/H3N2","1140",4,"2010-2011",1.80083127337386,4.51547287431773,"Y",FALSE,0,FALSE
"41",41,1156,"300669","M54198",2011-02-21,2011-02-23,0,"A/H3N2","1141",2,"2010-2011",3.47743700913304,214.441567665263,"N",FALSE,0,FALSE
"42",42,1077,"300330","M54205",2011-02-22,2011-02-23,1,"A/H1N1","1142",1,"2010-2011",4.25027819863192,1271.01349865439,"N",TRUE,0,TRUE
"43",43,1077,"300331","M54206",2011-02-20,2011-02-23,1,"A/H1N1","1143",3,"2010-2011",4.75823618990244,4093.62592365556,"N",TRUE,0,TRUE
"44",44,1077,"300332","M54207",2011-02-22,2011-02-23,1,"A/H1N1","1144",1,"2010-2011",4.59017259445605,2779.99848202134,"N",TRUE,0,TRUE
"45",45,1304,"301284","M54216",2011-02-22,2011-02-24,0,"A/H3N2","1145",2,"2010-2011",3.86387200917301,522.088315285781,"N",TRUE,0,FALSE
"46",46,1304,"301285","M54217",2011-02-24,2011-02-24,0,"A/H3N2","1146",0,"2010-2011",1.55283248603543,2.5509647084018,"N",FALSE,0,FALSE
"47",47,1330,"301459","M54218",2011-02-20,2011-02-24,0,"A/H3N2","1147",4,"2010-2011",1.89845725359656,5.65365388928705,"N",FALSE,0,FALSE
"48",48,1257,"301126","M54307",2011-02-23,2011-02-25,0,"A/H3N2","1148",2,"2010-2011",3.65691085047768,324.177459741566,"N",TRUE,0,FALSE
"49",49,1257,"301125","M54310",2011-02-26,2011-02-28,1,"A/H3N2","1149",2,"2010-2011",5.59185737957379,27908.0404577259,"N",TRUE,0,TRUE
"50",50,1156,"300671","M54369",2011-02-28,2011-03-02,1,"A/H3N2","1150",2,"2010-2011",5.92256576792681,59763.7351216904,"N",TRUE,0,TRUE
"51",51,1228,"300990","M54370",2011-02-24,2011-03-01,1,"A/H3N2","1151",5,"2010-2011",3.31892241776304,148.86561025177,"N",TRUE,0,FALSE
"52",52,1228,"300991","M54371",2011-02-23,2011-03-01,1,"A/H3N2","1152",6,"2010-2011",2.61843634314169,29.669368829502,"N",TRUE,0,FALSE
"53",53,1234,"301024","M54374",2011-03-01,2011-03-02,0,"A/H3N2","1153",1,"2010-2011",4.98771507959072,6943.63756329413,"Y",TRUE,0,TRUE
"54",54,1234,"301023","M54375",2011-02-28,2011-03-02,0,"A/H3N2","1154",2,"2010-2011",4.93122470113354,6096.72583328724,"N",TRUE,0,TRUE
"55",55,1376,"301662","M54379",2011-02-27,2011-03-02,0,"A/H1N1","1155",3,"2010-2011",0.985309443988399,0.690528182801956,"N",FALSE,0,FALSE
"56",56,1376,"301665","M54380",2011-02-28,2011-03-02,0,"A/H1N1","1156",2,"2010-2011",3.65397429274227,321.992871479378,"N",TRUE,0,FALSE
"57",57,1316,"301396","M54391",2011-02-28,2011-03-02,1,"A/H1N1","1157",2,"2010-2011",3.24370288280779,125.191501183347,"N",TRUE,0,FALSE
"58",58,1075,"300324","M54454",2011-03-03,2011-03-07,1,"A/H1N1","1158",4,"2010-2011",2.71907850238111,37.4067921659949,"N",TRUE,0,FALSE
"59",59,1059,"300252","M54492",2011-03-05,2011-03-07,1,"A/H1N1","1159",2,"2010-2011",1.08040479249552,0.859561107588495,"Y",FALSE,0,FALSE
"60",60,1320,"301419","M54517",2011-03-08,2011-03-09,0,"A/H3N2","1160",1,"2010-2011",1.48925621671596,2.20357674779541,"N",FALSE,0,FALSE
"61",61,1120,"300516","M54529",2011-03-08,2011-03-10,0,"A/H3N2","1161",2,"2010-2011",4.00184386236375,717.32476823772,"N",TRUE,0,FALSE
"62",62,1255,"301120","M54580",2011-03-10,2011-03-11,1,"A/H3N2","1162",1,"2010-2011",4.81286795651406,4642.37181480468,"N",TRUE,0,TRUE
"63",63,1255,"301177","M54581",2011-03-09,2011-03-11,1,"A/H3N2","1163",2,"2010-2011",3.61310507184757,293.073827492576,"N",TRUE,0,FALSE
"64",64,1068,"300293","M54585",2011-03-08,2011-03-11,0,"A/H3N2","1164",3,"2010-2011",5.26756907613158,13226.3813529662,"N",TRUE,0,TRUE
"65",65,1068,"300294","M54586",2011-03-07,2011-03-11,0,"A/H3N2","1165",4,"2010-2011",5.690701390174,35040.7468865956,"N",TRUE,0,TRUE
"66",66,1075,"300321","M54587",2011-03-10,2011-03-11,1,"A/H1N1","1166",1,"2010-2011",2.26702057289706,13.2096873033723,"N",FALSE,0,FALSE
"67",67,1159,"300684","M54591",2011-03-11,2011-03-14,0,"A/H3N2","1167",3,"2010-2011",5.19775664740192,11262.3394180154,"N",TRUE,0,FALSE
"68",68,1159,"300685","M54659",2011-03-16,2011-03-17,0,"A/H3N2","1168",1,"2010-2011",6.13666153906741,97843.8432923421,"N",TRUE,0,TRUE
"69",69,1316,"301395","M54660",2011-03-14,2011-03-17,1,"A/H3N2","1169",3,"2010-2011",0.759552389804535,0.410605114011311,"Y",FALSE,0,FALSE
"70",70,1252,"301102","M54716",2011-03-20,2011-03-21,1,"A/H3N2","1170",1,"2010-2011",NA,NA,"N",FALSE,0,FALSE
"71",71,1302,"301355","M54724",2011-03-20,2011-03-21,1,"A/H3N2","1171",1,"2010-2011",7.42693807925146,1909018.08891275,"N",TRUE,0,TRUE
"72",72,1302,"301356","M54725",2011-03-18,2011-03-21,1,"A/H3N2","1172",3,"2010-2011",1.79524283150674,4.45774063019631,"Y",FALSE,0,FALSE
"73",73,1302,"301357","M54726",2011-03-20,2011-03-21,1,"A/H3N2","1173",1,"2010-2011",6.11283767478975,92621.0369990775,"N",TRUE,0,TRUE
"74",74,1182,"300788","M54791",2011-03-23,2011-03-24,1,"A/H3N2","1174",1,"2010-2011",5.31818472085586,14861.2960289796,"N",TRUE,0,TRUE
"75",75,1160,"300688","M54805",2011-03-23,2011-03-24,1,"A/H3N2","1175",1,"2010-2011",6.22134642952201,118910.004033692,"N",TRUE,0,TRUE
"76",76,1356,"301573","M54842",2011-03-23,2011-03-25,1,"A/H3N2","1176",2,"2010-2011",1.8696648777239,5.29098879792959,"N",FALSE,0,FALSE
"77",77,1095,"300411","M54876",2011-03-25,2011-03-28,1,"A/H3N2","1177",3,"2010-2011",1.3227601704221,1.50186928221707,"N",FALSE,0,FALSE
"78",78,1345,"301520","M54909",2011-03-28,2011-03-30,1,"A/H3N2","1178",2,"2010-2011",3.55426217214267,255.937625538834,"N",TRUE,0,FALSE
"79",79,1111,"300481","M54913",2011-03-30,2011-03-30,0,"A/H3N2","1179",0,"2010-2011",5.62154710381598,29882.6472446822,"N",TRUE,0,TRUE
"80",80,1237,"301048","M54918",2011-03-26,2011-03-30,1,"A/H3N2","1180",4,"2010-2011",3.32524345105201,151.048151691079,"N",TRUE,0,FALSE
"81",81,1111,"300478","M54955",2011-03-30,2011-04-01,0,"A/H3N2","1181",2,"2010-2011",3.46759731765683,209.637649653923,"N",TRUE,0,FALSE
"82",82,1111,"300479","M54956",2011-03-30,2011-04-01,0,"A/H3N2","1182",2,"2010-2011",3.29322577894382,140.312946041225,"N",TRUE,0,FALSE
"83",83,1111,"300480","M54957",2011-04-01,2011-04-01,0,"A/H3N2","1183",0,"2010-2011",2.59356353683363,28.0178948558397,"Y",FALSE,0,FALSE
"84",84,1137,"300591","M55000",2011-04-03,2011-04-04,1,"A/H3N2","1184",1,"2010-2011",1.45075130294367,2.01661627242959,"N",FALSE,0,FALSE
"85",85,1156,"300670","M55001",2011-04-01,2011-04-04,1,"A/H3N2","1185",3,"2010-2011",6.98380855916435,688145.894945026,"N",TRUE,0,TRUE
"86",86,1156,"300671","M55002",2011-04-01,2011-04-04,1,"A/H3N2","1186",3,"2010-2011",1.45814062711309,2.05122164872543,"Y",FALSE,0,FALSE
"87",87,2054,"320216","MH0495",2012-01-29,2012-01-30,0,"A/H3N2","1201",1,"2011-2012",4.37447474434865,1691.79099377906,"N",TRUE,0,TRUE
"88",88,2088,"320352","MH0706",2012-02-06,2012-02-09,1,"A/H3N2","1202",3,"2011-2012",2.3482096265624,15.9250788333119,"N",FALSE,0,FALSE
"89",89,2004,"320015","MH0728",2012-02-12,2012-02-13,1,"A/H3N2","1203",1,"2011-2012",5.10910699254071,9182.881010277,"N",TRUE,0,TRUE
"90",90,2166,"320661","MH0778",2012-02-13,2012-02-14,1,"A/H3N2","1204",1,"2011-2012",4.39376817838224,1768.64284990813,"N",TRUE,0,TRUE
"91",91,2028,"320110","MH0922",2012-02-20,2012-02-23,1,"A/H3N2","1205",3,"2011-2012",4.75668621769933,4079.04204651563,"N",TRUE,0,TRUE
"92",92,2021,"320082","MH1039",2012-02-26,2012-02-28,1,"A/H3N2","1206",2,"2011-2012",4.173748614033,1065.66469579254,"N",TRUE,0,FALSE
"93",93,2021,"320083","MH1040",2012-02-26,2012-02-28,1,"A/H3N2","1207",2,"2011-2012",2.77679442672855,42.7234574279308,"N",TRUE,0,FALSE
"94",94,2021,"321313","MH1047",2012-02-24,2012-02-28,1,"A/H3N2","1208",4,"2011-2012",2.04596622693223,7.94032340301729,"N",TRUE,0,FALSE
"95",95,2028,"320111","MH1143",2012-03-01,2012-03-02,1,"A/H3N2","1209",1,"2011-2012",6.55385428617583,255697.363774477,"N",TRUE,0,FALSE
"96",96,2028,"320112","MH1144",2012-02-25,2012-03-02,1,"A/H3N2","1210",6,"2011-2012",3.55149936463957,254.314620827523,"N",TRUE,0,FALSE
"97",97,2027,"320106","MH1183",2012-03-03,2012-03-05,1,"A/H3N2","1211",2,"2011-2012",2.46791171163899,20.9789465254418,"N",FALSE,0,FALSE
"98",98,2129,"320513","MH1184",2012-03-02,2012-03-05,0,"A/H3N2","1212",3,"2011-2012",2.19300744870031,11.1398517954044,"Y",TRUE,0,FALSE
"99",99,2162,"321372","MH1205",2012-03-08,2012-03-08,0,"A/H3N2","1213",0,"2011-2012",5.54229321675574,24898.0411899606,"N",TRUE,0,TRUE
"100",100,2009,"320033","MH1305",2012-03-07,2012-03-09,1,"A/H3N2","1214",2,"2011-2012",0.810538252120949,0.461753521744976,"N",FALSE,0,FALSE
"101",101,2131,"320524","MH1306",2012-03-09,2012-03-12,0,"A/H3N2","1215",3,"2011-2012",1.54896519460198,2.52834980019313,"N",FALSE,0,FALSE
"102",102,2213,"320850","MH1337",2012-03-09,2012-03-12,0,"A/H3N2","1216",3,"2011-2012",3.81245912776911,463.800371417471,"N",TRUE,0,FALSE
"103",103,2162,"320645","MH1346",2012-03-11,2012-03-12,0,"A/H3N2","1217",1,"2011-2012",4.24045843538245,1242.59728309241,"N",TRUE,0,TRUE
"104",104,2076,"320304","MH1431",2012-03-13,2012-03-15,1,"A/H3N2","1218",2,"2011-2012",2.403167953209,18.0734023736417,"N",TRUE,0,FALSE
"105",105,2165,"320660","MH1435",2012-03-13,2012-03-16,0,"A/H3N2","1219",3,"2011-2012",NA,NA,"N",FALSE,0,FALSE
"106",106,2117,"320466","MH1770",2012-04-07,2012-04-09,1,"A/H3N2","1220",2,"2011-2012",1.84943896496171,5.05022734713159,"N",FALSE,0,FALSE
"107",107,2117,"320468","MH1782",2012-04-12,2012-04-13,1,"A/H3N2","1221",1,"2011-2012",5.99057890511616,69895.7661096343,"N",TRUE,0,TRUE
"108",108,2056,"320223","MH1795",2012-04-19,2012-04-20,0,"A/H3N2","1222",1,"2011-2012",4.00929144369537,729.732028209808,"N",TRUE,0,FALSE
"109",109,2027,"320105","MH1823",2012-05-04,2012-05-04,1,"A/H1N1","1223",0,"2011-2012",1.18103881683486,1.08370426147354,"N",FALSE,0,FALSE
"110",110,3113,"330449","MH2361",2012-12-02,2012-12-03,0,"A/H3N2","1224",1,"2012-2013",1.31201345222069,1.46516122451265,"N",FALSE,0,FALSE
"111",111,3113,"330450","MH2362",2012-12-02,2012-12-03,0,"A/H3N2","1225",1,"2012-2013",4.15264566038893,1015.12056176152,"N",TRUE,0,TRUE
"112",112,3113,"330451","MH2363",2012-12-01,2012-12-03,0,"A/H3N2","1226",2,"2012-2013",2.32093883774108,14.9558397144667,"N",TRUE,0,FALSE
"113",113,3113,"330452","MH2364",2012-12-02,2012-12-03,0,"A/H3N2","1227",1,"2012-2013",6.46886466253207,210250.301307777,"N",TRUE,0,TRUE
"114",114,3186,"330744","MH2365",2012-12-01,2012-12-03,1,"A/H3N2","1228",2,"2012-2013",4.58731386088358,2761.75930045141,"N",TRUE,0,TRUE
"115",115,3310,"331138","MH2382",2012-12-02,2012-12-04,0,"A/H3N2","1229",2,"2012-2013",5.78725333561226,43764.8354517459,"N",TRUE,0,TRUE
"116",116,3075,"331045","MH2436",2012-12-10,2012-12-11,1,"A/H3N2","1230",1,"2012-2013",5.41142657380223,18420.3780051986,"N",TRUE,0,TRUE
"117",117,3148,"330589","MH2447",2012-12-11,2012-12-12,1,"A/H3N2","1231",1,"2012-2013",5.32726020703431,15175.1213044972,"N",TRUE,0,TRUE
"118",118,3151,"330601","MH2448",2012-12-11,2012-12-12,1,"A/H3N2","1232",1,"2012-2013",5.87407736108303,53450.198869387,"N",TRUE,0,TRUE
"119",119,3152,"330607","MH2455",2012-12-12,2012-12-14,0,"A/H3N2","1233",2,"2012-2013",4.0988494836227,896.853377369191,"N",TRUE,0,FALSE
"120",120,3170,"330677","MH2456",2012-12-13,2012-12-14,1,"A/H3N2","1234",1,"2012-2013",1.34917353514727,1.59604635050693,"Y",FALSE,0,FALSE
"121",121,3297,"331488","MH2460",2012-12-14,2012-12-14,1,"A/H3N2","1235",0,"2012-2013",2.60384364958147,28.6890134368615,"N",TRUE,0,FALSE
"122",122,3058,"330231","MH2463",2012-12-09,2012-12-15,0,"A/H3N2","1236",6,"2012-2013",2.68184290126847,34.3332460250101,"N",TRUE,0,FALSE
"123",123,3077,"330307","MH2466",2012-12-12,2012-12-15,1,"A/H3N2","1237",3,"2012-2013",5.2435102487156,12513.5984006548,"N",TRUE,0,TRUE
"124",124,3296,"331482","MH2497",2012-12-14,2012-12-15,0,"A/H3N2","1238",1,"2012-2013",5.75364679795372,40505.9444029598,"N",TRUE,0,TRUE
"125",125,3061,"330242","MH2501",2012-12-15,2012-12-18,0,"A/H3N2","1239",3,"2012-2013",3.8591494017212,516.441776101334,"N",TRUE,0,FALSE
"126",126,3061,"330243","MH2516",2012-12-17,2012-12-19,1,"A/H3N2","1240",2,"2012-2013",5.28737326679647,13843.4785181133,"N",TRUE,0,TRUE
"127",127,3009,"330035","MH2527",2012-12-19,2012-12-20,1,"A/H3N2","1241",1,"2012-2013",6.77290827753191,423428.651923576,"N",TRUE,0,TRUE
"128",128,3274,"331395","MH2530",2012-12-17,2012-12-20,0,"A/H3N2","1242",3,"2012-2013",5.37531914542977,16950.8355187754,"N",TRUE,0,TRUE
"129",129,3107,"330426","MH2573",2012-12-22,2012-12-22,0,"A/H3N2","1243",0,"2012-2013",3.1019636098636,90.3307412785643,"N",TRUE,0,FALSE
"130",130,3008,"330031","MH2615",2012-12-25,2012-12-28,1,"A/H3N2","1244",3,"2012-2013",4.0670457473368,833.523237084026,"N",TRUE,0,FALSE
"131",131,3008,"330032","MH2616",2012-12-25,2012-12-28,1,"A/H3N2","1245",3,"2012-2013",5.5584067906487,25839.1816455019,"N",TRUE,0,TRUE
"132",132,3020,"330079","MH2618",2012-12-25,2012-12-28,0,"A/H3N2","1246",3,"2012-2013",1.28648950690412,1.38153366189279,"N",FALSE,0,FALSE
"133",133,3020,"330080","MH2619",2012-12-22,2012-12-28,0,"A/H3N2","1247",6,"2012-2013",1.46856981609987,2.10107608929121,"N",FALSE,0,FALSE
"134",134,3008,"330029","MH2636",2012-12-23,2012-12-28,1,"A/H3N2","1248",5,"2012-2013",0.976207126959368,0.676206111052767,"Y",FALSE,0,FALSE
"135",135,3084,"330334","MH2652",2013-01-01,2013-01-02,0,"A/H3N2","1301",1,"2012-2013",2.55012708163487,25.3512306141955,"N",TRUE,0,FALSE
"136",136,3004,"330013","MH2704",2013-01-03,2013-01-04,1,"A/H3N2","1302",1,"2012-2013",2.7846441176164,43.5026869390934,"N",TRUE,0,FALSE
"137",137,3111,"330441","MH2706",2013-01-02,2013-01-04,1,"A/H3N2","1303",2,"2012-2013",5.77010224533225,42070.164450003,"N",TRUE,0,TRUE
"138",138,3111,"330443","MH2736",2013-01-04,2013-01-07,0,"A/H3N2","1304",3,"2012-2013",2.50829404992804,23.0232173918469,"N",TRUE,0,FALSE
"139",139,3111,"331061","MH2737",2013-01-02,2013-01-07,1,"A/H3N2","1305",5,"2012-2013",4.48452856886802,2179.71911721178,"N",TRUE,0,TRUE
"140",140,3084,"330335","MH2783",2013-01-05,2013-01-08,1,"A/H3N2","1306",3,"2012-2013",2.82918747390272,48.2013762271107,"N",TRUE,0,FALSE
"141",141,3238,"330949","MH2810",2013-01-08,2013-01-09,0,"A/H3N2","1307",1,"2012-2013",4.70764338476614,3643.47126808786,"N",TRUE,0,TRUE
"142",142,3238,"330950","MH2811",2013-01-07,2013-01-09,0,"A/H3N2","1308",2,"2012-2013",3.05031333105648,80.2020179026133,"N",TRUE,0,FALSE
"143",143,3254,"331316","MH2860",2013-01-09,2013-01-10,0,"A/H3N2","1309",1,"2012-2013",3.0259005388745,75.8180312828051,"N",TRUE,0,FALSE
"144",144,3174,"330693","MH2863",2013-01-09,2013-01-11,0,"A/H3N2","1310",2,"2012-2013",5.12143854829268,9447.36103911331,"N",TRUE,0,TRUE
"145",145,3160,"330640","MH2936",2013-01-12,2013-01-14,1,"A/H1N1","1311",2,"2012-2013",6.57182667074537,266500.872414677,"N",TRUE,0,TRUE
"146",146,3179,"330714","MH2937",2013-01-10,2013-01-14,1,"A/H3N2","1312",4,"2012-2013",3.58464989556039,274.487050096869,"N",TRUE,0,FALSE
"147",147,3284,"331433","MH2942",2013-01-14,2013-01-15,0,"A/H3N2","1313",1,"2012-2013",4.32896117184515,1523.46729750887,"N",TRUE,0,TRUE
"148",148,3181,"330722","MH2994",2013-01-16,2013-01-17,0,"A/H3N2","1314",1,"2012-2013",0.887795240076308,0.551654549802525,"N",FALSE,0,FALSE
"149",149,3254,"331315","MH2997",2013-01-16,2013-01-16,0,"A/H3N2","1315",0,"2012-2013",3.48648366483382,218.955384211118,"N",TRUE,0,FALSE
"150",150,3195,"330777","MH3040",NA,2013-01-17,0,"A/H3N2","1316",NA,"2012-2013",3.06896947768169,83.7223561626468,"N",TRUE,0,FALSE
"151",151,3034,"330136","MH3061",2013-01-19,2013-01-21,0,"A/H3N2","1317",2,"2012-2013",5.29571139383239,14111.8307187602,"N",TRUE,0,TRUE
"152",152,3225,"330896","MH3101",2013-01-21,2013-01-21,0,"A/H3N2","1318",0,"2012-2013",2.95961836975582,65.0864124650954,"N",TRUE,0,FALSE
"153",153,3206,"330823","MH3156",2013-01-17,2013-01-23,0,"A/H3N2","1319",6,"2012-2013",2.52579586949757,23.9699889495806,"N",TRUE,0,FALSE
"154",154,3206,"330822","MH3207",2013-01-18,2013-01-24,0,"A/H3N2","1320",6,"2012-2013",2.67945900341293,34.1453027486328,"N",TRUE,0,FALSE
"155",155,3225,"330897","MH3208",2013-01-23,2013-01-24,0,"A/H3N2","1321",1,"2012-2013",5.45123717873044,20188.7366542645,"N",TRUE,0,TRUE
"156",156,3010,"330038","MH3268",2013-01-25,2013-01-28,1,"A/H3N2","1322",3,"2012-2013",2.07479994587887,8.48539199928913,"N",FALSE,0,FALSE
"157",157,3034,"330133","MH3270",2013-01-24,2013-01-28,0,"A/H3N2","1323",4,"2012-2013",4.89684606936333,5632.71832038632,"N",TRUE,0,TRUE
"158",158,3117,"330467","MH3275",2013-01-25,2013-01-28,1,"A/H3N2","1324",3,"2012-2013",3.68457169486858,345.496505578575,"N",TRUE,0,FALSE
"159",159,3125,"331113","MH3314",2013-01-22,2013-01-25,0,"A/H3N2","1325",3,"2012-2013",2.43179002391901,19.3046524945194,"Y",TRUE,0,FALSE
"160",160,3222,"331103","MH3345",2013-01-28,2013-01-29,0,"A/H3N2","1326",1,"2012-2013",3.75992884110173,410.961185401426,"N",TRUE,0,FALSE
"161",161,3272,"331385","MH3364",2013-01-29,2013-01-31,0,"A/H3N2","1327",2,"2012-2013",3.00140913578173,71.6607089025707,"N",TRUE,0,FALSE
"162",162,3005,"330017","MH3423",2013-02-01,2013-02-01,1,"A/H3N2","1328",0,"2012-2013",3.11107137572406,92.2451072309738,"N",FALSE,0,FALSE
"163",163,3005,"330019","MH3424",2013-01-28,2013-02-01,1,"A/H3N2","1329",4,"2012-2013",3.03138526047682,76.7816118370299,"N",TRUE,0,FALSE
"164",164,3005,"330020","MH3425",2013-01-31,2013-02-01,1,"A/H3N2","1330",1,"2012-2013",3.36408465913994,165.179681154634,"N",TRUE,0,FALSE
"165",165,3208,"330832","MH3426",2013-01-31,2013-02-01,0,"A/H3N2","1331",1,"2012-2013",2.97463867933554,67.3768407934952,"Y",TRUE,0,FALSE
"166",166,3026,"330104","MH3518",2013-02-01,2013-02-05,1,"A/H3N2","1332",4,"2012-2013",3.00044647786218,71.502041564122,"N",FALSE,0,FALSE
"167",167,3132,"331065","MH3529",2013-02-03,2013-02-06,0,"A/H3N2","1333",3,"2012-2013",3.28595002102414,137.981856947395,"N",TRUE,0,FALSE
"168",168,3142,"330565","MH3662",2013-02-10,2013-02-12,0,"A/H3N2","1334",2,"2012-2013",3.06740904289878,83.4220786779341,"N",FALSE,0,FALSE
"169",169,3163,"330651","MH3907",2013-02-25,2013-02-26,0,"A/H3N2","1335",1,"2012-2013",3.02099310734872,74.9661265417634,"N",FALSE,0,FALSE
"170",170,3277,"331406","MH3978",2013-03-02,2013-03-04,0,"A/H1N1","1336",2,"2012-2013",2.31538501749924,14.7658000044971,"N",TRUE,0,FALSE
"171",171,3311,"331542","MH3979",2013-03-03,2013-03-04,1,"A/H3N2","1337",1,"2012-2013",2.97236222418518,67.0245934711585,"N",FALSE,0,FALSE
"172",172,3311,"331543","MH3980",2013-03-02,2013-03-04,1,"A/H3N2","1338",2,"2012-2013",3.34198177469038,156.98340291525,"N",TRUE,0,FALSE
"173",173,3085,"330338","MH4087",2013-03-07,2013-03-08,0,"A/H1N1","1339",1,"2012-2013",3.71880094754616,373.828933611736,"N",TRUE,0,FALSE
"174",174,3311,"331541","MH4091",2013-03-05,2013-03-08,0,"A/H3N2","1340",3,"2012-2013",5.10329352607002,9060.77801242841,"N",TRUE,0,TRUE
"175",175,3087,"330346","MH4154",2013-03-12,2013-03-12,0,"A/H3N2","1341",0,"2012-2013",3.01325005205527,73.6413966213129,"N",TRUE,0,FALSE
"176",176,3194,"330776","MH4507",2013-04-05,2013-04-10,1,"A/H3N2","1342",5,"2012-2013",2.95884681257546,64.9708841555563,"N",TRUE,0,FALSE
"177",177,3156,"330622","MH4531",2013-04-11,2013-04-16,0,"A/H3N2","1343",5,"2012-2013",3.08111137229685,86.0960717475144,"N",TRUE,0,FALSE
"178",178,3306,"331521","MH4546",2013-04-21,2013-04-23,0,"A/H3N2","1344",2,"2012-2013",3.04921769965265,79.9999404979939,"N",FALSE,0,FALSE
"179",179,4141,"UM40561","MH5186",2013-11-12,2013-11-12,0,"A/H1N1","1345",0,"2013-2014",0.864289791442253,0.522590795047642,"N",FALSE,0,FALSE
"180",180,4141,"UM41569","MH5193",2013-11-12,2013-11-12,0,"A/H1N1","1346",0,"2013-2014",4.70461312406019,3618.13767545962,"N",TRUE,0,TRUE
"181",181,4141,"UM41570","MH5194",2013-11-11,2013-11-12,0,"A/H1N1","1347",1,"2013-2014",4.59356080416204,2801.77185619479,"N",TRUE,0,TRUE
"182",182,4062,"UM40245","MH5229",2013-11-19,2013-11-19,1,"A/H1N1","1348",0,"2013-2014",5.30190410967241,14314.4964109958,"N",TRUE,0,TRUE
"183",183,4113,"UM40449","MH5245",2013-11-19,2013-11-20,1,"A/H1N1","1349",1,"2013-2014",6.26911502571929,132735.469418344,"N",TRUE,0,TRUE
"184",184,4113,"UM41554","MH5295",2013-11-26,2013-11-27,1,"A/H1N1","1350",1,"2013-2014",6.0471111343945,79612.8367170207,"N",TRUE,0,TRUE
"185",185,4113,"UM41553","MH5300",2013-11-28,2013-12-02,1,"A/H1N1","1351",4,"2013-2014",4.34919473255058,1596.1242535549,"N",TRUE,0,TRUE
"186",186,4138,"UM40549","MH5343",2013-12-02,2013-12-07,0,"A/H1N1","1352",5,"2013-2014",1.07140474767058,0.841931409831267,"N",FALSE,0,FALSE
"187",187,4185,"UM40738","MH5405",2013-12-14,2013-12-16,0,"A/H1N1","1353",2,"2013-2014",4.33502260193343,1544.87934338975,"N",TRUE,0,TRUE
"188",188,4123,"UM40489","MH5448",2013-12-15,2013-12-17,0,"A/H1N1","1354",2,"2013-2014",2.01526118716277,7.39832067344438,"N",FALSE,0,FALSE
"189",189,4123,"UM40490","MH5449",2013-12-16,2013-12-17,0,"A/H1N1","1355",1,"2013-2014",2.17039414074154,10.5746525095754,"Y",FALSE,0,FALSE
"190",190,4086,"UM40341","MH5455",2013-12-12,2013-12-18,1,"A/H1N1","1356",6,"2013-2014",3.79194526754061,442.40215301781,"N",TRUE,0,FALSE
"191",191,4156,"UM40621","MH5499",2013-12-17,2013-12-20,0,"A/H1N1","1357",3,"2013-2014",5.59618486900962,28187.5177908308,"N",TRUE,0,TRUE
"192",192,4001,"UM41501","MH5538",2013-12-20,2013-12-23,0,"A/H3N2","1358",3,"2013-2014",2.98263852272496,68.6294450381347,"N",FALSE,0,FALSE
"193",193,4086,"UM40343","MH5543",2013-12-20,2013-12-27,1,"A/H1N1","1359",7,"2013-2014",1.82096584585886,4.72974590841922,"N",FALSE,0,FALSE
"194",194,4140,"UM40557","MH5544",2013-12-24,2013-12-27,0,"A/H1N1","1360",3,"2013-2014",4.07384946828675,846.684155440758,"N",TRUE,0,FALSE
"195",195,4140,"UM40560","MH5545",2013-12-23,2013-12-27,0,"A/H1N1","1361",4,"2013-2014",2.49399748110638,22.2776535335003,"N",TRUE,0,FALSE
"196",196,4140,"UM41567","MH5546",2013-12-23,2013-12-27,0,"A/H1N1","1362",4,"2013-2014",4.16835341171563,1052.50792848656,"N",TRUE,0,TRUE
"197",197,4092,"UM40366","MH5548",2013-12-25,2013-12-27,0,"A/H1N1","1363",2,"2013-2014",4.41935974911836,1875.99515939424,"N",TRUE,0,TRUE
"198",198,4092,"UM40367","MH5549",2013-12-24,2013-12-27,0,"A/H1N1","1364",3,"2013-2014",4.75381165280815,4052.13230674144,"N",TRUE,0,TRUE
"199",199,4092,"UM41544","MH5551",2013-12-27,2013-12-27,0,"A/H1N1","1365",0,"2013-2014",2.79274753835489,44.322015642206,"N",FALSE,0,FALSE
"200",200,4092,"UM41545","MH5552",2013-12-24,2013-12-27,0,"A/H1N1","1366",3,"2013-2014",3.86294231968497,520.971881885411,"N",TRUE,0,FALSE
"201",201,4073,"UM40290","MH5639",2013-12-28,2013-12-30,1,"A/H1N1","1367",2,"2013-2014",3.30396272544228,143.825101691036,"N",TRUE,0,FALSE
"202",202,4082,"UM40328","MH5641",2013-12-24,2013-12-30,0,"A/H1N1","1368",6,"2013-2014",2.47789160805474,21.4666152477167,"N",TRUE,0,FALSE
"203",203,4100,"UM40400","MH5644",2013-12-24,2013-12-30,1,"A/H1N1","1369",6,"2013-2014",2.9976177885511,71.0378408510352,"N",TRUE,0,FALSE
"204",204,4115,"UM40457","MH5645",2013-12-29,2013-12-30,0,"A/H1N1","1370",1,"2013-2014",6.23785113126879,123515.964951814,"N",TRUE,0,TRUE
"205",205,4115,"UM40460","MH5646",2013-12-27,2013-12-30,0,"A/H1N1","1371",3,"2013-2014",4.87921050336515,5408.57015920858,"N",TRUE,0,TRUE
"206",206,4157,"UM40627","MH5648",2013-12-27,2013-12-30,1,"A/H1N1","1372",3,"2013-2014",3.15606884589572,102.315353768266,"N",TRUE,0,FALSE
"207",207,4175,"UM40697","MH5649",2013-12-26,2013-12-30,0,"A/H1N1","1373",4,"2013-2014",1.98225626432604,6.8569065178789,"Y",FALSE,0,FALSE
"208",208,4175,"UM40699","MH5651",2013-12-26,2013-12-30,0,"A/H1N1","1374",4,"2013-2014",5.74473776145595,39683.4777740364,"N",TRUE,0,TRUE
"209",209,4082,"UM41536","MH5655",2013-12-28,2013-12-30,0,"A/H1N1","1375",2,"2013-2014",1.8148332020234,4.66342682302927,"Y",FALSE,0,FALSE
"210",210,4157,"UM41575","MH5656",2013-12-29,2013-12-30,1,"A/H1N1","1376",1,"2013-2014",6.46284515393852,207356.244335153,"N",TRUE,0,TRUE
"211",211,4073,"UM40292","MH5677",2013-12-31,2014-01-02,1,"A/H1N1","1401",2,"2013-2014",6.10423266973097,90803.9276648357,"N",TRUE,0,TRUE
"212",212,4017,"UM40066","MH5679",2013-12-29,2014-01-02,0,"A/H1N1","1402",4,"2013-2014",4.3301403070191,1527.60922145889,"N",TRUE,0,TRUE
"213",213,4024,"UM40093","MH5680",2014-01-01,2014-01-03,1,"A/H1N1","1403",2,"2013-2014",5.07196854764272,8430.25112775548,"N",TRUE,0,TRUE
"214",214,4024,"UM40094","MH5708",2014-01-04,2014-01-07,0,"A/H1N1","1404",3,"2013-2014",3.52858675948541,241.245223753947,"N",TRUE,0,FALSE
"215",215,4024,"UM40095","MH5709",2014-01-04,2014-01-07,0,"A/H1N1","1405",3,"2013-2014",5.46466696886924,20822.7906689391,"N",TRUE,0,TRUE
"216",216,4024,"UM41510","MH5712",2014-01-03,2014-01-07,1,"A/H1N1","1406",4,"2013-2014",6.09560996918878,89018.8405732259,"N",TRUE,0,TRUE
"217",217,4163,"UM41582","MH5726",2014-01-02,2014-01-07,0,"A/H1N1","1407",5,"2013-2014",4.00328387483479,719.707186304439,"N",TRUE,0,FALSE
"218",218,4016,"UM40062","MH5817",2014-01-10,2014-01-13,0,"A/H1N1","1408",3,"2013-2014",4.76500538060802,4157.93164051067,"N",TRUE,0,TRUE
"219",219,4159,"UM40636","MH5847",2014-01-10,2014-01-15,0,"A/H1N1","1409",5,"2013-2014",2.44043377902562,19.6927216957288,"Y",TRUE,0,FALSE
"220",220,4159,"UM41576","MH5848",2014-01-13,2014-01-15,0,"A/H1N1","1410",2,"2013-2014",5.41792447638038,18698.0553352145,"N",TRUE,0,TRUE
"221",221,4159,"UM41577","MH5849",2014-01-13,2014-01-15,0,"A/H1N1","1411",2,"2013-2014",4.89596534004382,5621.30700032751,"N",TRUE,0,TRUE
"222",222,4159,"UM40635","MH5943",2014-01-17,2014-01-22,0,"A/H1N1","1412",5,"2013-2014",1.92989946967564,6.07815028492015,"N",FALSE,0,FALSE
"223",223,4110,"UM40439","MH6042",2014-01-27,2014-01-28,1,"A/H1N1","1413",1,"2013-2014",4.73605441124447,3889.79197113413,"N",TRUE,0,TRUE
"224",224,4075,"UM40300","MH6260",2014-02-12,2014-02-13,1,"A/H1N1","1414",1,"2013-2014",4.80937602781679,4605.19465723007,"N",TRUE,0,TRUE
"225",225,4133,"UM40530","MH6262",2014-02-13,2014-02-14,0,"A/H1N1","1415",1,"2013-2014",4.73248924968733,3857.99103403265,"N",TRUE,0,TRUE
"226",226,4061,"UM40241","MH6638",2014-04-06,2014-04-10,1,"A/H1N1","1416",4,"2013-2014",2.24859834970898,12.6610672049884,"N",FALSE,0,FALSE
"227",227,5001,"50001","HS1563",2014-12-25,2014-12-25,0,"A/H3N2","HS1563",0,"2014-2015",6.17367855464174,106549.279906961,"N",TRUE,1,TRUE
"228",228,5001,"50001","MH8688",2014-12-25,2014-12-31,0,"A/H3N2","MH8688",6,"2014-2015",4.8568283365461,5136.8904129294,"N",TRUE,0,TRUE
"229",229,5001,"50002","MH8689",2014-12-28,2014-12-31,0,"A/H3N2","MH8689",3,"2014-2015",4.04280156394622,788.267331470985,"N",TRUE,0,FALSE
"230",230,5001,"50003","HS1562",2014-12-25,2014-12-25,0,"A/H3N2","HS1562",0,"2014-2015",5.03509725237236,7744.06904980928,"N",TRUE,1,TRUE
"231",231,5001,"50003","MH8690",2014-12-25,2014-12-31,0,"A/H3N2","MH8690",6,"2014-2015",4.2676008192989,1322.73481222846,"N",TRUE,0,TRUE
"232",232,5001,"50004","HS1564",2014-12-25,2014-12-25,0,"A/H3N2","HS1564",0,"2014-2015",6.9117096207844,582883.263008704,"N",TRUE,1,TRUE
"233",233,5001,"50004","MH8691",2014-12-25,2014-12-31,0,"A/H3N2","MH8691",6,"2014-2015",3.33045744218694,152.872513601313,"N",TRUE,0,FALSE
"234",234,5002,"50006","HS1394",2014-12-07,2014-12-07,0,"A/H3N2","HS1394",0,"2014-2015",7.08906098064621,876865.422742531,"N",TRUE,1,TRUE
"235",235,5002,"50006","MH7842",2014-12-07,2014-12-08,0,"A/H3N2","MH7842",1,"2014-2015",6.5547322334349,256214.791164166,"N",TRUE,0,TRUE
"236",236,5002,"50007","HS1395",2014-12-07,2014-12-07,0,"A/H3N2","HS1395",0,"2014-2015",3.25572089016655,128.704240017915,"N",TRUE,1,FALSE
"237",237,5002,"50007","MH7843",2014-12-07,2014-12-08,0,"A/H3N2","MH7843",1,"2014-2015",6.09152862163635,88186.1912645281,"N",TRUE,0,TRUE
"238",238,5008,"50030","MH9547",2015-01-27,2015-01-29,1,"A/H3N2","MH9547",2,"2014-2015",3.90779918654546,577.658476965937,"N",TRUE,0,FALSE
"239",239,5014,"50057","MH8583",2014-12-25,2014-12-29,0,"A/H3N2","MH8583",4,"2014-2015",2.54385568345077,24.9877785122308,"N",FALSE,0,FALSE
"240",240,5014,"50059","MH8584",2014-12-26,2014-12-29,0,"A/H3N2","MH8584",3,"2014-2015",2.59549372463624,28.1426953221488,"N",FALSE,0,FALSE
"241",241,5016,"50066","MH7319",2014-11-08,2014-11-10,0,"A/H3N2","MH7319",2,"2014-2015",0.846206178444042,0.501277420543928,"N",FALSE,0,FALSE
"242",242,5017,"50068","HS1568",2014-12-27,2014-12-28,1,"A/H3N2","HS1568",1,"2014-2015",1.23708784113217,1.23299071297746,"N",FALSE,1,FALSE
"243",243,5017,"50068","MH8692",2014-12-27,2014-12-31,1,"A/H3N2","MH8692",4,"2014-2015",4.41847355249335,1872.17101333886,"N",TRUE,0,TRUE
"244",244,5017,"50069","HS1569",2014-12-24,2014-12-28,1,"A/H3N2","HS1569",4,"2014-2015",1.61129457861581,2.91854600136821,"Y",FALSE,1,FALSE
"245",245,5017,"50069","MH8693",2014-12-24,2014-12-31,1,"A/H3N2","MH8693",7,"2014-2015",3.08221555306149,86.3152469467069,"N",FALSE,0,FALSE
"246",246,5028,"50120","MH8155",2014-12-15,2014-12-16,1,"A/H3N2","MH8155",1,"2014-2015",6.59238090069693,279417.025440071,"N",TRUE,0,TRUE
"247",247,5028,"50120","HS1461",2014-12-15,2014-12-16,1,"A/H3N2","HS1461",1,"2014-2015",5.96419388708382,65775.7564564245,"N",TRUE,1,TRUE
"248",248,5030,"50125","MH8085",2014-12-11,2014-12-15,0,"A/H3N2","MH8085",4,"2014-2015",0.738841009095063,0.39148305921058,"Y",FALSE,0,FALSE
"249",249,5030,"50127","MH7642",2014-11-28,2014-12-01,0,"A/H3N2","MH7642",3,"2014-2015",3.68456481492725,345.491032387086,"N",TRUE,0,FALSE
"250",250,5030,"50129","MH7320",2014-11-03,2014-11-10,0,"A/H3N2","MH7320",7,"2014-2015",NA,0,"N",FALSE,0,FALSE
"251",251,5033,"50141","HS1376",2014-12-03,2014-12-04,1,"A/H3N2","HS1376",1,"2014-2015",7.18714433015795,1099047.07427442,"N",TRUE,1,TRUE
"252",252,5033,"50141","MH7755",2014-12-03,2014-12-05,1,"A/H3N2","MH7755",2,"2014-2015",5.11594766190647,9328.66776540432,"N",TRUE,0,TRUE
"253",253,5034,"50143","HS1604",2015-01-11,2015-01-12,1,"A/H3N2","HS1604",1,"2014-2015",6.75834357903316,409463.82903885,"N",TRUE,1,TRUE
"254",254,5034,"50143","MH9045",2015-01-11,2015-01-13,1,"A/H3N2","MH9045",2,"2014-2015",5.28528356858571,13777.0277415602,"N",TRUE,0,TRUE
"255",255,5035,"50148","MH8299",2014-12-18,2014-12-18,1,"A/H3N2","MH8299",0,"2014-2015",2.67135361831097,33.5139473175336,"N",FALSE,0,FALSE
"256",256,5035,"50148","HS1485",2014-12-18,2014-12-18,1,"A/H3N2","HS1485",0,"2014-2015",2.98821334110815,69.5160849766747,"N",FALSE,1,FALSE
"257",257,5035,"50150","MH8300",2014-12-18,2014-12-18,1,"A/H3N2","MH8300",0,"2014-2015",2.70677746091084,36.3621392170281,"N",FALSE,0,FALSE
"258",258,5035,"50150","HS1484",2014-12-18,2014-12-18,1,"A/H3N2","HS1484",0,"2014-2015",4.76670916231836,4174.27567066476,"N",TRUE,1,TRUE
"259",259,5038,"50161","MH8156",2014-12-13,2014-12-16,0,"A/H3N2","MH8156",3,"2014-2015",5.05213203579552,8053.85859260289,"N",TRUE,0,TRUE
"260",260,5038,"50162","MH7321",2014-11-06,2014-11-10,1,"A/H3N2","MH7321",4,"2014-2015",NA,0,"N",FALSE,0,FALSE
"261",261,5039,"50163","MH8697",2014-12-26,2014-12-31,1,"A/H3N2","MH8697",5,"2014-2015",2.06202105165193,8.2393512197833,"N",FALSE,0,FALSE
"262",262,5039,"50164","HS1567",2014-12-26,2014-12-28,1,"A/H3N2","HS1567",2,"2014-2015",4.52037719496809,2367.27743981759,"N",TRUE,1,TRUE
"263",263,5039,"50167","HS1566",2014-12-27,2014-12-28,1,"A/H3N2","HS1566",1,"2014-2015",4.65470739785594,3225.36866342537,"N",TRUE,1,TRUE
"264",264,5039,"50167","MH8700",2014-12-27,2014-12-31,1,"A/H3N2","MH8700",4,"2014-2015",5.46200509845267,20695.5542972638,"N",TRUE,0,TRUE
"265",265,5040,"50168","MH7505",2014-11-21,2014-11-22,0,"A/H3N2","MH7505",1,"2014-2015",5.01289738508155,7358.16207143003,"N",TRUE,0,TRUE
"266",266,5040,"50169","HS1255",2014-11-13,2014-11-16,0,"A/H3N2","HS1255",3,"2014-2015",6.34260117595124,157207.456166429,"N",TRUE,1,TRUE
"267",267,5040,"50169","MH7389",2014-11-13,2014-11-17,0,"A/H3N2","MH7389",4,"2014-2015",4.02223787851761,751.813020390587,"N",TRUE,0,FALSE
"268",268,5040,"50171","MH7796",2014-12-06,2014-12-06,0,"A/H3N2","MH7796",0,"2014-2015",4.45436031643894,2033.4443001354,"N",TRUE,0,TRUE
"269",269,5046,"50197","MH8165",2014-12-14,2014-12-16,0,"A/H3N2","MH8165",2,"2014-2015",4.84201187116259,4964.59511353398,"N",TRUE,0,TRUE
"270",270,5048,"50206","HS1297",2014-11-20,2014-11-20,0,"A/H3N2","HS1297",0,"2014-2015",NA,0,"N",FALSE,1,FALSE
"271",271,5048,"50206","MH7492",2014-11-20,2014-11-21,0,"A/H3N2","MH7492",1,"2014-2015",6.7162212758411,371615.00382535,"N",TRUE,0,TRUE
"272",272,5048,"50207","HS1340",2014-11-30,2014-11-30,0,"A/H3N2","HS1340",0,"2014-2015",7.78471603560569,4350989.14626686,"N",TRUE,1,TRUE
"273",273,5048,"50207","MH7627",2014-11-30,2014-12-01,0,"A/H3N2","MH7627",1,"2014-2015",6.59516630143721,281214.85983637,"N",TRUE,0,TRUE
"274",274,5053,"50230","HS1413",2014-12-05,2014-12-05,0,"A/H3N2","HS1413",0,"2014-2015",6.46030699504674,206147.921030916,"N",TRUE,1,TRUE
"275",275,5053,"50230","MH7882",2014-12-05,2014-12-09,0,"A/H3N2","MH7882",4,"2014-2015",1.82733575575421,4.7996295674092,"N",FALSE,0,FALSE
"276",276,5053,"50232","HS1448",2014-12-12,2014-12-13,1,"A/H3N2","HS1448",1,"2014-2015",5.39507015416111,17739.5303778508,"N",TRUE,1,TRUE
"277",277,5053,"50232","MH8125",2014-12-12,2014-12-15,1,"A/H3N2","MH8125",3,"2014-2015",4.59168038216854,2789.66688089761,"N",TRUE,0,TRUE
"278",278,5057,"50246","HS1579",2015-01-01,2015-01-01,1,"A/H3N2","HS1579",0,"2014-2015",5.79296906062351,44344.6289111341,"N",TRUE,1,TRUE
"279",279,5057,"50246","MH8766",2015-01-01,2015-01-05,1,"A/H3N2","MH8766",4,"2014-2015",6.37192212880595,168187.646394325,"N",TRUE,0,TRUE
"280",280,5059,"50255","MH10202",2015-02-22,2015-02-23,1,"A/H3N2","MH10202",1,"2014-2015",2.93906330686894,62.077650457508,"N",FALSE,0,FALSE
"281",281,5061,"50261","HS1393",2014-12-06,2014-12-07,1,"A/H3N2","HS1393",1,"2014-2015",6.56886774736604,264691.327274099,"N",TRUE,1,TRUE
"282",282,5061,"50261","MH7844",2014-12-06,2014-12-08,1,"A/H3N2","MH7844",2,"2014-2015",5.43887909015308,19622.3516538187,"N",TRUE,0,TRUE
"283",283,5066,"50288","MH8586",2014-12-26,2014-12-29,1,"A/H3N2","MH8586",3,"2014-2015",4.19340973970556,1115.01755241528,"N",TRUE,0,TRUE
"284",284,5066,"50290","MH8588",2014-12-28,2014-12-29,1,"A/H3N2","MH8588",1,"2014-2015",3.5267286574536,240.215275866953,"N",TRUE,0,FALSE
"285",285,5070,"50305","HS1416",2014-12-05,2014-12-07,0,"A/H3N2","HS1416",2,"2014-2015",5.6416270326199,31296.7324317693,"N",TRUE,1,TRUE
"286",286,5070,"50305","MH7890",2014-12-05,2014-12-10,0,"A/H3N2","MH7890",5,"2014-2015",6.11665119375959,93437.9191253739,"N",TRUE,0,TRUE
"287",287,5070,"50307","HS1345",2014-11-29,2014-11-30,0,"A/H3N2","HS1345",1,"2014-2015",5.05806596089316,8164.65663560268,"N",TRUE,1,TRUE
"288",288,5070,"50307","MH7636",2014-11-29,2014-12-01,0,"A/H3N2","MH7636",2,"2014-2015",2.31274538359874,14.6763259290631,"N",FALSE,0,FALSE
"289",289,5073,"50316","HS1369",2014-11-30,2014-11-30,1,"A/H3N2","HS1369",0,"2014-2015",6.39435064291427,177101.649935946,"N",TRUE,1,TRUE
"290",290,5073,"50318","HS1336",2014-11-23,2014-11-23,1,"A/H3N2","HS1336",0,"2014-2015",7.44100319305389,1971855.82345112,"N",TRUE,1,TRUE
"291",291,5073,"50318","MH7611",2014-11-23,2014-11-26,1,"A/H3N2","MH7611",3,"2014-2015",5.07551904871305,8499.4537113383,"N",TRUE,0,TRUE
"292",292,5073,"50319","HS1335",2014-11-25,2014-11-25,1,"A/H3N2","HS1335",0,"2014-2015",6.49756883511669,224616.057124778,"N",TRUE,1,TRUE
"293",293,5073,"50319","MH7612",2014-11-25,2014-11-26,1,"A/H3N2","MH7612",1,"2014-2015",6.96186453978366,654239.112547579,"N",TRUE,0,TRUE
"294",294,5074,"50322","HS1377",2014-12-03,2014-12-03,1,"A/H3N2","HS1377",0,"2014-2015",4.48483923290208,2181.27889431404,"N",TRUE,1,TRUE
"295",295,5074,"50322","MH7787",2014-12-03,2014-12-05,1,"A/H3N2","MH7787",2,"2014-2015",2.91407670835562,58.6068895558995,"N",FALSE,0,FALSE
"296",296,5075,"50323","MH8589",2014-12-24,2014-12-29,1,"A/H3N2","MH8589",5,"2014-2015",4.25075343786921,1272.40510302206,"N",TRUE,0,TRUE
"297",297,5078,"50330","MH7845",2014-12-06,2014-12-08,1,"A/H3N2","MH7845",2,"2014-2015",5.04092682445913,7848.71914528868,"N",TRUE,0,TRUE
"298",298,5078,"50330","HS1399",2014-12-06,2014-12-08,1,"A/H3N2","HS1399",2,"2014-2015",0.761901669283811,0.412832266212462,"N",FALSE,1,FALSE
"299",299,5078,"50331","HS1417",2014-12-09,2014-12-09,0,"A/H3N2","HS1417",0,"2014-2015",4.18962115030735,1105.33294512701,"N",TRUE,1,TRUE
"300",300,5078,"50331","MH7891",2014-12-09,2014-12-10,0,"A/H3N2","MH7891",1,"2014-2015",5.5931656386784,27992.2367742622,"N",TRUE,0,TRUE
"301",301,5078,"50332","MH8126",2014-12-11,2014-12-15,0,"A/H3N2","MH8126",4,"2014-2015",4.86444441946186,5227.76893582715,"N",TRUE,0,TRUE
"302",302,5084,"50359","MH7409",2014-11-14,2014-11-17,1,"A/H3N2","MH7409",3,"2014-2015",5.28248672318427,13688.5891107403,"N",TRUE,0,TRUE
"303",303,5087,"50378","MH8086",2014-12-13,2014-12-15,1,"A/H3N2","MH8086",2,"2014-2015",3.52667953778241,240.188108521706,"N",TRUE,0,FALSE
"304",304,5093,"50399","MH7893",2014-12-10,2014-12-10,0,"A/H3N2","MH7893",0,"2014-2015",6.77030330748492,420896.458768179,"N",TRUE,0,TRUE
"305",305,5095,"50407","MH7628",2014-11-27,2014-12-01,0,"A/H3N2","MH7628",4,"2014-2015",2.26866589889683,13.2598271624738,"N",FALSE,0,FALSE
"306",306,5095,"50408","HS1234",2014-11-10,2014-11-10,0,"A/H3N2","HS1234",0,"2014-2015",NA,0,"N",FALSE,1,FALSE
"307",307,5095,"50408","MH7346",2014-11-10,2014-11-12,0,"A/H3N2","MH7346",2,"2014-2015",3.61046639222092,291.298572605307,"N",TRUE,0,FALSE
"308",308,5098,"50417","MH8703",2014-12-29,2014-12-31,1,"A/H3N2","MH8703",2,"2014-2015",2.61610585889605,29.5105853017831,"N",FALSE,0,FALSE
"309",309,5098,"50418","HS1531",2014-12-27,2014-12-28,1,"A/H3N2","HS1531",1,"2014-2015",6.02338298747203,75379.7949599435,"N",TRUE,1,TRUE
"310",310,5098,"50418","MH8592",2014-12-27,2014-12-29,1,"A/H3N2","MH8592",2,"2014-2015",6.54722119968015,251821.707281717,"N",TRUE,0,TRUE
"311",311,5098,"50419","HS1530",2014-12-22,2014-12-26,1,"A/H3N2","HS1530",4,"2014-2015",5.21081713232294,11606.1745188652,"N",TRUE,1,TRUE
"312",312,5098,"50419","MH8593",2014-12-22,2014-12-29,1,"A/H3N2","MH8593",7,"2014-2015",1.88090653349732,5.42973329464226,"N",FALSE,0,FALSE
"313",313,5101,"50428","HS1388",2014-12-07,2014-12-07,0,"A/H3N2","HS1388",0,"2014-2015",6.63296349531457,306785.945382733,"N",TRUE,1,TRUE
"314",314,5101,"50428","MH7797",2014-12-07,2014-12-08,0,"A/H3N2","MH7797",1,"2014-2015",3.95704030925582,647.011907725862,"N",TRUE,0,FALSE
"315",315,5101,"50429","HS1342",2014-11-27,2014-11-27,0,"A/H3N2","HS1342",0,"2014-2015",8.147691213515,10036058.3542358,"N",TRUE,1,TRUE
"316",316,5101,"50429","MH7637",2014-11-27,2014-12-01,0,"A/H3N2","MH7637",4,"2014-2015",3.28239102517525,136.855731239812,"N",TRUE,0,FALSE
"317",317,5103,"50438","HS1493",2014-12-15,2014-12-16,1,"A/H3N2","HS1493",1,"2014-2015",2.49425541224564,22.290888348728,"N",FALSE,1,FALSE
"318",318,5103,"50438","MH8313",2014-12-15,2014-12-19,1,"A/H3N2","MH8313",4,"2014-2015",1.88567318520856,5.48965623455655,"Y",FALSE,0,FALSE
"319",319,5105,"50445","MH8385",2014-12-18,2014-12-22,0,"A/H3N2","MH8385",4,"2014-2015",2.14336738496414,9.9366352747088,"N",FALSE,0,FALSE
"320",320,5109,"50466","HS1543",2014-12-24,2014-12-24,0,"A/H3N2","HS1543",0,"2014-2015",5.43346319605192,19379.1694588452,"N",TRUE,1,TRUE
"321",321,5109,"50466","MH8594",2014-12-24,2014-12-29,0,"A/H3N2","MH8594",5,"2014-2015",3.93658574476019,617.245182590643,"N",TRUE,0,FALSE
"322",322,5109,"50467","HS1544",2014-12-24,2014-12-24,0,"A/H3N2","HS1544",0,"2014-2015",6.70718815338101,363965.414962725,"N",TRUE,1,TRUE
"323",323,5109,"50468","HS1516",2014-12-21,2014-12-21,0,"A/H3N2","HS1516",0,"2014-2015",4.87006536372353,5295.87014994404,"N",TRUE,1,TRUE
"324",324,5109,"50468","MH8439",2014-12-21,2014-12-23,0,"A/H3N2","MH8439",2,"2014-2015",5.29106434657173,13961.6359922664,"N",TRUE,0,TRUE
"325",325,5113,"50477","MH8596",2014-12-25,2014-12-29,1,"A/H3N2","MH8596",4,"2014-2015",2.09574373025672,8.90462622641777,"N",FALSE,0,FALSE
"326",326,5114,"50481","HS1325",2014-11-21,2014-11-21,1,"A/H3N2","HS1325",0,"2014-2015",3.17946290496619,107.97789811388,"N",TRUE,1,FALSE
"327",327,5114,"50481","MH7536",2014-11-21,2014-11-25,1,"A/H3N2","MH7536",4,"2014-2015",3.07005399836056,83.9316889908924,"N",FALSE,0,FALSE
"328",328,5114,"50482","MH7455",2014-11-19,2014-11-20,1,"A/H3N2","MH7455",1,"2014-2015",7.25099406128149,1273110.28189008,"N",TRUE,0,TRUE
"329",329,5114,"50482","HS1284",2014-11-19,2014-11-20,1,"A/H3N2","HS1284",1,"2014-2015",6.30365379726182,143722.830467899,"N",TRUE,1,TRUE
"330",330,5126,"50538","HS1408",2014-12-08,2014-12-06,1,"A/H3N2","HS1408",-2,"2014-2015",6.66657192094755,331469.738190488,"N",TRUE,1,TRUE
"331",331,5126,"50538","MH7884",2014-12-08,2014-12-09,1,"A/H3N2","MH7884",1,"2014-2015",5.37770014672638,17044.0229788895,"N",TRUE,0,TRUE
"332",332,5126,"50539","HS1410",2014-12-06,2014-12-06,1,"A/H3N2","HS1410",0,"2014-2015",2.56167016136452,26.0340734437374,"N",FALSE,1,FALSE
"333",333,5126,"50539","MH7885",2014-12-06,2014-12-09,1,"A/H3N2","MH7885",3,"2014-2015",5.27017726775289,13306.0524822515,"N",TRUE,0,TRUE
"334",334,5126,"50540","HS1409",2014-12-06,2014-12-06,1,"A/H3N2","HS1409",0,"2014-2015",5.10772961439065,9153.80335873375,"N",TRUE,1,TRUE
"335",335,5126,"50540","MH7886",2014-12-06,2014-12-09,1,"A/H3N2","MH7886",3,"2014-2015",4.56567880394384,2627.54866436138,"N",TRUE,0,TRUE
"336",336,5129,"50551","HS1273",2014-11-18,2014-11-18,1,"A/H3N2","HS1273",0,"2014-2015",3.3739986325531,168.993732001001,"N",TRUE,1,FALSE
"337",337,5129,"50551","MH7440",2014-11-18,2014-11-19,1,"A/H3N2","MH7440",1,"2014-2015",4.33777909545175,1554.71597045394,"N",TRUE,0,TRUE
"338",338,5129,"50552","MH7390",2014-11-17,2014-11-17,0,"A/H3N2","MH7390",0,"2014-2015",5.67894818749773,34105.1647518907,"N",TRUE,0,TRUE
"339",339,5129,"50553","HS1256",2014-11-16,2014-11-16,0,"A/H3N2","HS1256",0,"2014-2015",7.59762219990983,2828096.10866543,"N",TRUE,1,TRUE
"340",340,5129,"50553","MH7391",2014-11-16,2014-11-17,0,"A/H3N2","MH7391",1,"2014-2015",5.0497787490739,8010.33563290432,"N",TRUE,0,TRUE
"341",341,5130,"50556","MH8386",2014-12-18,2014-12-22,1,"A/H3N2","MH8386",4,"2014-2015",5.93947527430681,62136.5646392847,"N",TRUE,0,TRUE
"342",342,5130,"50558","HS1507",2014-12-20,2014-12-21,1,"A/H3N2","HS1507",1,"2014-2015",7.42942051713723,1919961.32914157,"N",TRUE,1,TRUE
"343",343,5132,"50566","MH8358",2014-12-19,2014-12-20,0,"A/H3N2","MH8358",1,"2014-2015",2.71438370272713,37.0045959927461,"N",FALSE,0,FALSE
"344",344,5137,"50585","HS1318",2014-11-20,2014-11-22,0,"A/H3N2","HS1318",2,"2014-2015",2.75386889872242,40.5266646804729,"N",FALSE,1,FALSE
"345",345,5143,"50618","MH7564",2014-11-24,2014-11-25,0,"A/H3N2","MH7564",1,"2014-2015",5.45670503075344,20444.5236015679,"N",TRUE,0,TRUE
"346",346,5143,"50618","HS1328",2014-11-24,2014-11-25,0,"A/H3N2","HS1328",1,"2014-2015",6.73673489697025,389589.15713512,"N",TRUE,1,TRUE
"347",347,5143,"50619","MH7565",2014-11-25,2014-11-25,0,"A/H3N2","MH7565",0,"2014-2015",6.51190162039982,232152.617532256,"N",TRUE,0,TRUE
"348",348,5143,"50619","HS1327",2014-11-25,2014-11-25,0,"A/H3N2","HS1327",0,"2014-2015",7.04355849932224,789642.406965391,"N",TRUE,1,TRUE
"349",349,5143,"50620","HS1313",2014-11-22,2014-11-22,0,"A/H3N2","HS1313",0,"2014-2015",7.7788070855109,4292191.10137329,"N",TRUE,1,TRUE
"350",350,5143,"50620","MH7520",2014-11-22,2014-11-24,0,"A/H3N2","MH7520",2,"2014-2015",4.59935530339823,2839.40450937719,"N",TRUE,0,TRUE
"351",351,5147,"50628","HS1250",2014-11-10,2014-11-10,1,"A/H3N2","HS1250",0,"2014-2015",7.60084723189153,2849175.46728811,"N",TRUE,1,TRUE
"352",352,5147,"50630","HS1294",2014-11-18,2014-11-19,1,"A/H3N2","HS1294",1,"2014-2015",4.3618322336727,1643.25210769416,"N",TRUE,1,TRUE
"353",353,5147,"50631","MH7325",2014-11-07,2014-11-10,1,"A/H3N2","MH7325",3,"2014-2015",2.89119348004107,55.5988033469959,"N",FALSE,0,FALSE
"354",354,5147,"50632","HS1253",2014-11-13,2014-11-13,1,"A/H3N2","HS1253",0,"2014-2015",8.31080293929343,14610830.5361565,"N",TRUE,1,TRUE
"355",355,5147,"50632","MH7385",2014-11-13,2014-11-14,1,"A/H3N2","MH7385",1,"2014-2015",4.90727726105416,5769.64676780382,"N",TRUE,0,TRUE
"356",356,5158,"50676","HS1532",2014-12-23,2014-12-23,1,"A/H3N2","HS1532",0,"2014-2015",4.74466117603231,3967.64804297726,"N",TRUE,1,TRUE
"357",357,5158,"50676","MH8603",2014-12-23,2014-12-29,1,"A/H3N2","MH8603",6,"2014-2015",3.06452161567575,82.8692827580171,"N",FALSE,0,FALSE
"358",358,5158,"50677","HS1455",2014-12-13,2014-12-13,1,"A/H3N2","HS1455",0,"2014-2015",6.12745284464159,95791.0224778297,"N",TRUE,1,TRUE
"359",359,5158,"50677","MH8127",2014-12-13,2014-12-15,1,"A/H3N2","MH8127",2,"2014-2015",4.36689090728941,1662.50466117534,"N",TRUE,0,FALSE
"360",360,5158,"50678","HS1385",2014-12-05,2014-12-05,1,"A/H3N2","HS1385",0,"2014-2015",8.58734523882211,27619588.4580095,"N",TRUE,1,TRUE
"361",361,5158,"50678","MH7799",2014-12-05,2014-12-08,1,"A/H3N2","MH7799",3,"2014-2015",4.23959886692807,1240.14033012031,"N",TRUE,0,TRUE
"362",362,5168,"50716","HS1352",2014-11-29,2014-11-30,1,"A/H3N2","HS1352",1,"2014-2015",3.20195409389604,113.717173940529,"N",TRUE,1,FALSE
"363",363,5168,"50716","MH7685",2014-11-29,2014-12-02,1,"A/H3N2","MH7685",3,"2014-2015",2.02454660753371,7.55820334344117,"N",FALSE,0,FALSE
"364",364,5168,"50717","HS1357",2014-11-29,2014-11-30,1,"A/H3N2","HS1357",1,"2014-2015",5.32272352077918,15017.4254643579,"N",TRUE,1,TRUE
"365",365,5170,"50727","HS1596",2015-01-08,2015-01-08,1,"A/H3N2","HS1596",0,"2014-2015",6.83893864391573,492958.78235852,"N",TRUE,1,TRUE
"366",366,5170,"50727","MH8922",2015-01-08,2015-01-09,1,"A/H3N2","MH8922",1,"2014-2015",6.05612200728291,81281.9233428816,"N",TRUE,0,TRUE
"367",367,5172,"50735","MH9048",2015-01-10,2015-01-13,1,"A/H3N2","MH9048",3,"2014-2015",2.58688479309042,27.5903212603416,"N",FALSE,0,FALSE
"368",368,5173,"50738","HS1703",2015-02-06,2015-02-06,1,"A/H3N2","HS1703",0,"2014-2015",NA,0,"N",FALSE,1,FALSE
"369",369,5173,"50738","MH9964",2015-02-06,2015-02-12,1,"A/H3N2","MH9964",6,"2014-2015",NA,0,"N",FALSE,0,FALSE
"370",370,5179,"50761","HS1411",2014-12-07,2014-12-08,0,"A/H3N2","HS1411",1,"2014-2015",3.34209586260339,157.024647421475,"Y",TRUE,1,FALSE
"371",371,5179,"50761","MH7887",2014-12-07,2014-12-09,0,"A/H3N2","MH7887",2,"2014-2015",3.96079268788297,652.626421557915,"N",TRUE,0,FALSE
"372",372,5180,"50765","MH8450",2014-12-23,2014-12-23,0,"A/H3N2","MH8450",0,"2014-2015",3.23765242051917,123.459463345549,"N",TRUE,0,FALSE
"373",373,5180,"50765","HS1524",2014-12-23,2014-12-23,0,"A/H3N2","HS1524",0,"2014-2015",2.79556690816059,44.6106830040724,"N",FALSE,1,FALSE
"374",374,5180,"50767","HS1525",2014-12-19,2014-12-19,0,"A/H3N2","HS1525",0,"2014-2015",4.5047889158999,2283.814785262,"N",TRUE,1,TRUE
"375",375,5180,"50767","MH8451",2014-12-19,2014-12-23,0,"A/H3N2","MH8451",4,"2014-2015",4.14261818443756,991.950838245664,"N",TRUE,0,FALSE
"376",376,5181,"50769","HS1349",2014-11-29,2014-11-30,0,"A/H3N2","HS1349",1,"2014-2015",7.25263551273067,1277931.21094279,"N",TRUE,1,TRUE
"377",377,5181,"50769","MH7671",2014-11-29,2014-12-02,0,"A/H3N2","MH7671",3,"2014-2015",2.43595997625426,19.4909021217341,"N",FALSE,0,FALSE
"378",378,5185,"50784","HS1465",2014-12-15,2014-12-15,1,"A/H3N2","HS1465",0,"2014-2015",5.51981314383303,23642.0487303956,"N",TRUE,1,TRUE
"379",379,5185,"50784","MH8158",2014-12-15,2014-12-16,1,"A/H3N2","MH8158",1,"2014-2015",4.55979173682463,2592.17131944944,"N",TRUE,0,TRUE
"380",380,5185,"50785","HS1463",2014-12-14,2014-12-15,1,"A/H3N2","HS1463",1,"2014-2015",6.3410647738078,156652.286461899,"N",TRUE,1,TRUE
"381",381,5185,"50785","MH8159",2014-12-14,2014-12-16,1,"A/H3N2","MH8159",2,"2014-2015",4.63194733213106,3060.68966075269,"N",TRUE,0,TRUE
"382",382,5185,"50786","MH8041",2014-12-11,2014-12-12,1,"A/H3N2","MH8041",1,"2014-2015",7.97046456980503,6673236.77004296,"N",TRUE,0,TRUE
"383",383,5185,"50786","HS1434",2014-12-11,2014-12-12,1,"A/H3N2","HS1434",1,"2014-2015",4.07752763166092,853.885415858318,"N",TRUE,1,FALSE
"384",384,5185,"50787","HS1506",2014-12-17,2014-12-18,1,"A/H3N2","HS1506",1,"2014-2015",3.43288189654437,193.532479554114,"N",TRUE,1,FALSE
"385",385,5185,"50787","MH8389",2014-12-17,2014-12-22,1,"A/H3N2","MH8389",5,"2014-2015",1.37509326162667,1.6942021398904,"N",FALSE,0,FALSE
"386",386,5191,"50809","HS1460",2014-12-14,2014-12-15,1,"A/H3N2","HS1460",1,"2014-2015",6.59006713025491,277932.346832683,"N",TRUE,1,TRUE
"387",387,5191,"50809","MH8160",2014-12-14,2014-12-16,1,"A/H3N2","MH8160",2,"2014-2015",4.71481065354095,3704.0992750182,"N",TRUE,0,TRUE
"388",388,5191,"50812","HS1427",2014-12-10,2014-12-10,1,"A/H3N2","HS1427",0,"2014-2015",5.4682138095567,20993.5446866126,"Y",TRUE,1,TRUE
"389",389,5191,"50812","MH7953",2014-12-10,2014-12-11,1,"A/H3N2","MH7953",1,"2014-2015",4.486483126602,2189.55112854501,"N",TRUE,0,TRUE
"390",390,5195,"50830","MH7756",2014-12-04,2014-12-05,1,"A/H3N2","MH7756",1,"2014-2015",3.12729358282014,95.7559010189364,"N",FALSE,0,FALSE
"391",391,5195,"50830","HS1375",2014-12-04,2014-12-05,1,"A/H3N2","HS1375",1,"2014-2015",4.15463701821335,1019.78585210983,"N",TRUE,1,TRUE
"392",392,5195,"50832","HS1341",2014-11-30,2014-11-30,1,"A/H3N2","HS1341",0,"2014-2015",5.76987609430991,42048.2628731935,"N",TRUE,1,TRUE
"393",393,5195,"50832","MH7639",2014-11-30,2014-12-01,1,"A/H3N2","MH7639",1,"2014-2015",2.77385663617838,42.43542933956,"N",FALSE,0,FALSE
"394",394,5197,"50842","HS1517",2014-12-22,2014-12-22,1,"A/H3N2","HS1517",0,"2014-2015",7.02346902281132,753947.294546966,"N",TRUE,1,TRUE
"395",395,5197,"50842","MH8442",2014-12-22,2014-12-23,1,"A/H3N2","MH8442",1,"2014-2015",6.49113642162949,221313.744347473,"N",TRUE,0,TRUE
"396",396,5200,"50850","HS1537",2014-12-24,2014-12-24,1,"A/H3N2","HS1537",0,"2014-2015",6.60713065882962,289069.73422093,"N",TRUE,1,TRUE
"397",397,5200,"50850","MH8605",2014-12-24,2014-12-29,1,"A/H3N2","MH8605",5,"2014-2015",1.78128960327359,4.316796417733,"Y",FALSE,0,FALSE
"398",398,5200,"50851","HS1509",2014-12-20,2014-12-20,1,"A/H3N2","HS1509",0,"2014-2015",6.21584002219216,117411.864989997,"N",TRUE,1,TRUE
"399",399,5200,"50851","MH8390",2014-12-20,2014-12-22,1,"A/H3N2","MH8390",2,"2014-2015",4.9806582346725,6831.72221223212,"N",TRUE,0,TRUE
"400",400,5200,"50852","MH8183",2014-12-14,2014-12-17,1,"A/H3N2","MH8183",3,"2014-2015",5.82196901803731,47406.83725613,"N",TRUE,0,TRUE
"401",401,5200,"50853","MH8184",2014-12-17,2014-12-17,1,"A/H3N2","MH8184",0,"2014-2015",1.87873273251382,5.40262341931866,"N",FALSE,0,FALSE
"402",402,5204,"50874","HS1381",2014-12-05,2014-12-05,1,"A/H3N2","HS1381",0,"2014-2015",4.30632935393203,1446.10996315801,"N",TRUE,1,TRUE
"403",403,5204,"50874","MH7800",2014-12-05,2014-12-06,1,"A/H3N2","MH7800",1,"2014-2015",5.47239195556909,21196.4885031859,"N",TRUE,0,TRUE
"404",404,5206,"50879","HS1554",2014-12-28,2014-12-28,1,"A/H3N2","HS1554",0,"2014-2015",6.95576701800494,645117.736534352,"N",TRUE,1,TRUE
"405",405,5206,"50879","MH8714",2014-12-28,2014-12-31,1,"A/H3N2","MH8714",3,"2014-2015",7.14252329003051,991734.118237906,"N",TRUE,0,TRUE
"406",406,5213,"50910","HS1607",2015-01-13,2015-01-14,1,"A/H3N2","HS1607",1,"2014-2015",7.04982107678967,801111.638363332,"N",TRUE,1,TRUE
"407",407,5213,"50910","MH9121",2015-01-13,2015-01-15,1,"A/H3N2","MH9121",2,"2014-2015",2.28437469808124,13.7482259916434,"N",FALSE,0,FALSE
"408",408,5215,"50919","MH8128",2014-12-10,2014-12-15,1,"A/H3N2","MH8128",5,"2014-2015",2.91645757634032,58.9290636784329,"N",FALSE,0,FALSE
"409",409,5215,"50921","HS1451",2014-12-14,2014-12-14,0,"A/H3N2","HS1451",0,"2014-2015",3.63633520929056,309.176996287102,"Y",TRUE,1,FALSE
"410",410,5215,"50921","MH8129",2014-12-14,2014-12-15,0,"A/H3N2","MH8129",1,"2014-2015",4.29339961150908,1403.69119541999,"N",TRUE,0,TRUE
"411",411,5219,"50935","HS1392",2014-12-05,2014-12-05,0,"A/H3N2","HS1392",0,"2014-2015",8.04392808919098,7903146.88245179,"N",TRUE,1,TRUE
"412",412,5219,"50935","MH7851",2014-12-05,2014-12-08,0,"A/H3N2","MH7851",3,"2014-2015",4.59922427293829,2838.54796531592,"N",TRUE,0,TRUE
"413",413,5228,"50967","HS1402",2014-12-04,2014-12-04,1,"A/H3N2","HS1402",0,"2014-2015",5.70201678200336,35965.7189592646,"N",TRUE,1,TRUE
"414",414,5228,"50968","HS1401",2014-12-06,2014-12-07,1,"A/H3N2","HS1401",1,"2014-2015",5.92102567036542,59552.1759622025,"N",TRUE,1,TRUE
"415",415,5228,"50968","MH7855",2014-12-06,2014-12-08,1,"A/H3N2","MH7855",2,"2014-2015",4.52336057376031,2383.59539700922,"N",TRUE,0,TRUE
"416",416,5228,"50969","HS1351",2014-12-01,2014-12-01,0,"A/H3N2","HS1351",0,"2014-2015",7.77516889786255,4256384.59000529,"N",TRUE,1,TRUE
"417",417,5228,"50969","MH7687",2014-12-01,2014-12-02,0,"A/H3N2","MH7687",1,"2014-2015",6.09955265823344,89830.6666256944,"N",TRUE,0,TRUE
"418",418,5231,"50980","MH8177",2014-12-13,2014-12-17,0,"A/H3N2","MH8177",4,"2014-2015",3.87994391053751,541.771150346375,"N",TRUE,0,FALSE
"419",419,5232,"50982","HS1576",2015-01-01,2015-01-02,1,"A/H3N2","HS1576",1,"2014-2015",2.96676663920429,66.1665672016637,"N",FALSE,1,FALSE
"420",420,5232,"50982","MH8763",2015-01-01,2015-01-05,1,"A/H3N2","MH8763",4,"2014-2015",2.66880475063993,33.3178305394994,"N",FALSE,0,FALSE
"421",421,5234,"50990","MH8923",2015-01-05,2015-01-09,1,"A/H3N2","MH8923",4,"2014-2015",2.7667212861682,41.7439220218878,"N",FALSE,0,FALSE
"422",422,5234,"50992","HS1597",2015-01-05,2015-01-06,1,"A/H3N2","HS1597",1,"2014-2015",3.85825969822728,515.384867152675,"N",TRUE,1,FALSE
"423",423,5234,"50992","MH8924",2015-01-05,2015-01-09,1,"A/H3N2","MH8924",4,"2014-2015",5.06400708049577,8277.11605979195,"N",TRUE,0,TRUE
"424",424,5234,"50993","HS1595",2015-01-04,2015-01-06,1,"A/H3N2","HS1595",2,"2014-2015",7.83101479947897,4840461.42881588,"N",TRUE,1,TRUE
"425",425,5234,"50993","MH8925",2015-01-04,2015-01-09,1,"A/H3N2","MH8925",5,"2014-2015",5.68499775901121,34583.56208775,"N",TRUE,0,TRUE
"426",426,5238,"51000","HS1487",2014-12-16,2014-12-16,1,"A/H3N2","HS1487",0,"2014-2015",5.3969238425828,17815.4093987506,"N",TRUE,1,TRUE
"427",427,5238,"51000","MH8308",2014-12-16,2014-12-18,1,"A/H3N2","MH8308",2,"2014-2015",4.82670398912908,4792.65263937886,"N",TRUE,0,TRUE
"428",428,5238,"51001","MH7322",2014-11-05,2014-11-10,0,"A/H3N2","MH7322",5,"2014-2015",NA,0,"N",FALSE,0,FALSE
"429",429,5244,"51041","MH8088",2014-12-11,2014-12-15,0,"A/H3N2","MH8088",4,"2014-2015",6.36427588279199,165252.427224562,"N",TRUE,0,TRUE
"430",430,5244,"51043","MH8089",2014-12-12,2014-12-15,0,"A/H3N2","MH8089",3,"2014-2015",4.96022730049901,6517.77350981211,"N",TRUE,0,TRUE
"431",431,5245,"51046","HS1421",2014-12-08,2014-12-09,1,"A/H3N2","HS1421",1,"2014-2015",4.40453476556855,1813.03726188786,"N",TRUE,1,TRUE
"432",432,5245,"51046","MH7905",2014-12-08,2014-12-10,1,"A/H3N2","MH7905",2,"2014-2015",4.35676475109079,1624.18956305428,"N",TRUE,0,TRUE
"433",433,5249,"51054","HS1473",2014-12-15,2014-12-15,1,"A/H3N2","HS1473",0,"2014-2015",7.06920300207406,837673.865983232,"N",TRUE,1,TRUE
"434",434,5249,"51054","MH8185",2014-12-15,2014-12-17,1,"A/H3N2","MH8185",2,"2014-2015",3.58857220119014,276.977292412806,"N",TRUE,0,FALSE
"435",435,5249,"51055","HS1474",2014-12-15,2014-12-15,1,"A/H3N2","HS1474",0,"2014-2015",6.73536233148681,388359.824187841,"N",TRUE,1,TRUE
"436",436,5249,"51055","MH8186",2014-12-15,2014-12-17,1,"A/H3N2","MH8186",2,"2014-2015",5.15073633199311,10106.674906501,"N",TRUE,0,TRUE
"437",437,5250,"51057","HS1518",2014-12-22,2014-12-22,1,"A/H3N2","HS1518",0,"2014-2015",4.33785142725352,1554.9749301629,"N",TRUE,1,TRUE
"438",438,5250,"51057","MH8443",2014-12-22,2014-12-23,1,"A/H3N2","MH8443",1,"2014-2015",3.42312127261591,189.231415030329,"N",TRUE,0,FALSE
"439",439,5250,"51058","HS1519",2014-12-20,2014-12-20,1,"A/H3N2","HS1519",0,"2014-2015",5.94804024157464,63374.1585294298,"N",TRUE,1,TRUE
"440",440,5250,"51058","MH8444",2014-12-20,2014-12-23,1,"A/H3N2","MH8444",3,"2014-2015",3.61160982666505,292.066530056258,"N",TRUE,0,FALSE
"441",441,5250,"51059","HS1520",2014-12-22,2014-12-22,1,"A/H3N2","HS1520",0,"2014-2015",8.57182114909392,26649748.4124855,"N",TRUE,1,TRUE
"442",442,5250,"51059","MH8445",2014-12-22,2014-12-23,1,"A/H3N2","MH8445",1,"2014-2015",7.09625470953784,891510.933752938,"N",TRUE,0,TRUE
"443",443,5254,"51073","HS1505",2014-12-20,2014-12-20,1,"A/H3N2","HS1505",0,"2014-2015",7.80149151725264,4522342.82269474,"N",TRUE,1,TRUE
"444",444,5254,"51073","MH8391",2014-12-20,2014-12-22,1,"A/H3N2","MH8391",2,"2014-2015",5.48619623474303,21881.0520421267,"N",TRUE,0,TRUE
"445",445,5254,"51074","MH8392",2014-12-17,2014-12-22,1,"A/H3N2","MH8392",5,"2014-2015",5.95207856983419,63966.1974272536,"N",TRUE,0,TRUE
"446",446,5258,"51096","HS1457",2014-12-13,2014-12-13,1,"A/H3N2","HS1457",0,"2014-2015",6.0911846798207,88116.3793907736,"N",TRUE,1,TRUE
"447",447,5258,"51096","MH8132",2014-12-13,2014-12-15,1,"A/H3N2","MH8132",2,"2014-2015",3.28205242703567,136.749073111628,"N",TRUE,0,FALSE
"448",448,5261,"51097","MH8354",2014-12-18,2014-12-19,1,"A/H3N2","MH8354",1,"2014-2015",6.80101136016618,451734.567188031,"N",TRUE,0,TRUE
"449",449,5261,"51097","HS1500",2014-12-18,2014-12-19,1,"A/H3N2","HS1500",1,"2014-2015",6.69845637799175,356720.72525462,"N",TRUE,1,TRUE
"450",450,5261,"51098","MH8490",2014-12-21,2014-12-23,0,"A/H3N2","MH8490",2,"2014-2015",3.06614572521869,83.1797650921894,"N",FALSE,0,FALSE
"451",451,5261,"51099","MH8423",2014-12-20,2014-12-22,0,"A/H3N2","MH8423",2,"2014-2015",2.20219691320093,11.3780772367458,"N",FALSE,0,FALSE
"452",452,5261,"51101","MH8424",2014-12-21,2014-12-22,0,"A/H3N2","MH8424",1,"2014-2015",6.21283854939999,116603.211967698,"N",TRUE,0,TRUE
"453",453,5261,"51101","HS1510",2014-12-21,2014-12-22,0,"A/H3N2","HS1510",1,"2014-2015",6.62423482017121,300681.552869375,"N",TRUE,1,TRUE
"454",454,5263,"51105","HS1364",2014-12-01,2014-12-01,1,"A/H3N2","HS1364",0,"2014-2015",4.23054939471301,1214.56666984432,"N",TRUE,1,TRUE
"455",455,5263,"51105","MH7700",2014-12-01,2014-12-03,1,"A/H3N2","MH7700",2,"2014-2015",2.58708478962248,27.603029778485,"N",FALSE,0,FALSE
"456",456,5263,"51106","HS1405",2014-12-06,2014-12-08,1,"A/H3N2","HS1405",2,"2014-2015",6.27197722676352,133613.14638495,"N",TRUE,1,TRUE
"457",457,5263,"51106","MH7860",2014-12-06,2014-12-09,1,"A/H3N2","MH7860",3,"2014-2015",5.25644415056308,12891.8758595551,"N",TRUE,0,TRUE
"458",458,5265,"51116","MH7537",2014-11-24,2014-11-25,0,"A/H3N2","MH7537",1,"2014-2015",3.66913966057682,333.435337813563,"N",TRUE,0,FALSE
"459",459,5269,"51132","HS1425",2014-12-06,2014-12-08,1,"A/H3N2","HS1425",2,"2014-2015",5.37419656482066,16907.0769443318,"N",TRUE,1,TRUE
"460",460,5269,"51132","MH7912",2014-12-06,2014-12-10,1,"A/H3N2","MH7912",4,"2014-2015",2.93605500200989,61.6491320118992,"N",FALSE,0,FALSE
"461",461,5270,"51137","HS1536",2014-12-27,2014-12-27,1,"A/H3N2","HS1536",0,"2014-2015",5.74941037216003,40112.7407321872,"N",TRUE,1,TRUE
"462",462,5270,"51137","MH8611",2014-12-27,2014-12-29,1,"A/H3N2","MH8611",2,"2014-2015",3.91572465247367,588.296977069103,"N",TRUE,0,FALSE
"463",463,5270,"51138","HS1535",2014-12-26,2014-12-26,0,"A/H3N2","HS1535",0,"2014-2015",5.4775364831255,21449.0690559765,"N",TRUE,1,TRUE
"464",464,5270,"51138","MH8612",2014-12-26,2014-12-29,0,"A/H3N2","MH8612",3,"2014-2015",3.0699347217872,83.9086407826892,"N",FALSE,0,FALSE
"465",465,5275,"51162","MH8393",2014-12-22,2014-12-22,1,"A/H3N2","MH8393",0,"2014-2015",6.96827895613004,663973.765968094,"N",TRUE,0,TRUE
"466",466,5275,"51163","MH8178",2014-12-12,2014-12-17,1,"A/H3N2","MH8178",5,"2014-2015",4.08059068628393,859.929109668945,"N",TRUE,0,FALSE
"467",467,5283,"51193","MH9017",2015-01-10,2015-01-12,1,"A/H3N2","MH9017",2,"2014-2015",3.3300338603619,152.723484652298,"N",TRUE,0,FALSE
"468",468,5289,"51216","MH8309",2014-12-17,2014-12-18,1,"A/H3N2","MH8309",1,"2014-2015",4.49171220231727,2216.07353162953,"N",TRUE,0,TRUE
"469",469,5289,"51218","HS1514",2014-12-19,2014-12-22,1,"A/H3N2","HS1514",3,"2014-2015",3.55174946706489,254.461118248138,"N",TRUE,1,FALSE
"470",470,5289,"51218","MH8446",2014-12-19,2014-12-23,1,"A/H3N2","MH8446",4,"2014-2015",2.82299579750087,47.5190513316272,"N",FALSE,0,FALSE
"471",471,5289,"51220","HS1450",2014-12-13,2014-12-12,1,"A/H3N2","HS1450",-1,"2014-2015",7.3165263454691,1480465.56313596,"N",TRUE,1,TRUE
"472",472,5289,"51220","MH8133",2014-12-13,2014-12-15,1,"A/H3N2","MH8133",2,"2014-2015",3.40287604219112,180.612584187273,"N",TRUE,0,FALSE
"473",473,5290,"51225","MH8137",2014-12-15,2014-12-16,1,"A/H3N2","MH8137",1,"2014-2015",5.82782082965635,48049.9338348692,"N",TRUE,0,TRUE
"474",474,5301,"51267","MH8447",2014-12-22,2014-12-23,0,"A/H3N2","MH8447",1,"2014-2015",4.30749731076676,1450.00424974394,"N",TRUE,0,TRUE
"475",475,5302,"51273","MH8052",2014-12-13,2014-12-13,1,"A/H3N2","MH8052",0,"2014-2015",4.40648400664848,1821.1929941295,"N",TRUE,0,TRUE
"476",476,5305,"51288","MH8396",2014-12-21,2014-12-22,1,"A/H3N2","MH8396",1,"2014-2015",5.8436004804325,49827.884002319,"N",TRUE,0,TRUE
"477",477,5309,"51302","MH8179",2014-12-13,2014-12-17,1,"A/H3N2","MH8179",4,"2014-2015",NA,0,"N",FALSE,0,FALSE
"478",478,5312,"51317","MH8448",2014-12-19,2014-12-23,1,"A/H3N2","MH8448",4,"2014-2015",3.52378634843714,238.593337791244,"N",TRUE,0,FALSE
"479",479,5313,"51322","HS1573",2015-01-01,2015-01-02,1,"A/H3N2","HS1573",1,"2014-2015",5.22463670957486,11981.4305272548,"N",TRUE,1,TRUE
"480",480,5313,"51322","MH8765",2015-01-01,2015-01-05,1,"A/H3N2","MH8765",4,"2014-2015",3.20296665608553,113.982616057655,"N",TRUE,0,FALSE
"481",481,5314,"51319","MH7323",2014-11-07,2014-11-10,1,"A/H3N2","MH7323",3,"2014-2015",NA,0,"N",FALSE,0,FALSE
"482",482,5317,"51335","HS1444",2014-12-13,2014-12-13,0,"A/H3N2","HS1444",0,"2014-2015",2.19570384640467,11.209230781191,"N",FALSE,1,FALSE
"483",483,5317,"51335","MH8090",2014-12-13,2014-12-15,0,"A/H3N2","MH8090",2,"2014-2015",5.16852059629809,10529.131764907,"N",TRUE,0,TRUE
"484",484,5317,"51336","MH8091",2014-12-15,2014-12-15,0,"A/H3N2","MH8091",0,"2014-2015",1.05398775441244,0.808834595678937,"Y",FALSE,0,FALSE
"485",485,5317,"51336","HS1445",2014-12-15,2014-12-15,0,"A/H3N2","HS1445",0,"2014-2015",6.3212616235257,149669.596506264,"N",TRUE,1,TRUE
"486",486,5322,"51359","HS1387",2014-12-02,2014-12-07,0,"A/H3N2","HS1387",5,"2014-2015",7.00103213926922,715985.296300135,"N",TRUE,1,TRUE
"487",487,5322,"51359","MH7804",2014-12-02,2014-12-08,0,"A/H3N2","MH7804",6,"2014-2015",5.41817002095231,18708.6299667928,"N",TRUE,0,TRUE
"488",488,5329,"51396","MH8453",2014-12-19,2014-12-23,1,"A/H3N2","MH8453",4,"2014-2015",3.23694782413873,123.259325956012,"N",TRUE,0,FALSE
"489",489,5336,"51416","HS1367",2014-11-25,2014-11-25,1,"A/H3N2","HS1367",0,"2014-2015",7.04655499017185,795109.522037604,"N",TRUE,1,TRUE
"490",490,5341,"51438","HS1390",2014-12-07,2014-12-07,1,"A/H3N2","HS1390",0,"2014-2015",6.52298457887635,238153.266798938,"N",TRUE,1,TRUE
"491",491,5341,"51438","MH7852",2014-12-07,2014-12-08,1,"A/H3N2","MH7852",1,"2014-2015",6.29579677716431,141146.054111149,"N",TRUE,0,TRUE
"492",492,5341,"51439","HS1391",2014-12-06,2014-12-06,1,"A/H3N2","HS1391",0,"2014-2015",7.82821767226067,4809386.01942255,"Y",TRUE,1,TRUE
"493",493,5341,"51439","MH7853",2014-12-06,2014-12-08,1,"A/H3N2","MH7853",2,"2014-2015",2.98651954584013,69.2454927683461,"N",FALSE,0,FALSE
